sbj_id,acc_x,acc_y,acc_z,label
3,-0.66748,0.57788,0.0686,jumping
3,-0.24976,0.94531,-0.46436,jumping
3,-0.33618,1.56421,-0.93164,jumping
3,-1.49072,4.06177,-1.66187,jumping
3,-2.63892,4.23511,-1.02954,jumping
3,-0.50781,0.77661,-0.03003,jumping
3,0.05737,-0.55396,-0.11523,jumping
3,0.08838,-0.4563,0.59497,jumping
3,-1.32861,0.43311,0.05688,jumping
3,-1.58472,0.48242,0.54419,jumping
3,-0.79834,-0.56982,0.44678,jumping
3,-0.08203,-0.27271,0.64575,jumping
3,0.16309,0.33374,0.50635,jumping
3,-3.15991,3.4939,-0.39087,jumping
3,-0.62183,2.80615,-3.83813,jumping
3,-0.96826,2.7644,-3.22192,jumping
3,-1.57178,3.47534,-1.87427,jumping
3,-0.50537,1.02563,-0.13916,jumping
3,0.33154,-0.84131,0.25854,jumping
3,-0.21289,-0.50391,0.4707,jumping
3,-2.67139,1.46216,0.48682,jumping
3,-1.57275,-0.19653,0.47144,jumping
3,-0.5083,-0.3833,0.61865,jumping
3,0.2998,0.39282,0.60059,jumping
3,-0.50513,1.32813,-0.22119,jumping
3,-1.75854,5.01733,-2.38989,jumping
3,-1.15308,3.65771,-2.89722,jumping
3,-0.7041,2.47021,-1.19946,jumping
3,0.48438,-0.36157,0.34424,jumping
3,0.18066,-0.58252,0.34766,jumping
3,-1.77856,0.35669,0.02222,jumping
3,-1.35767,0.9502,0.59937,jumping
3,-0.98462,-0.56128,0.72998,jumping
3,-0.33203,-0.04419,0.24219,jumping
3,0.85938,-0.2395,-0.21631,jumping
3,0.7981,-0.42676,-0.6687,jumping
3,-2.08154,1.77588,-1.36499,jumping
3,-2.10986,2.29565,-1.28784,jumping
3,-1.22119,1.60547,-1.14673,jumping
3,-0.6001,1.01123,-0.7168,jumping
3,-0.10547,1.1875,-1.40918,jumping
3,-0.67847,2.64771,-2.26807,jumping
3,-2.07837,3.93896,-1.88647,jumping
3,-1.32495,3.19922,-0.49243,jumping
3,0.16455,0.00366,-0.18848,jumping
3,-0.11768,-0.4231,0.46167,jumping
3,-2.41406,1.28857,0.84082,jumping
3,-1.39941,0.0188,0.80933,jumping
3,-0.74902,-0.68384,0.61646,jumping
3,0.45581,0.27441,0.50122,jumping
3,-0.49561,0.97412,-0.10376,jumping
3,-3.04443,3.56567,-2.31812,jumping
3,-1.88428,2.25122,-2.50781,jumping
3,-0.38501,1.80054,-2.48682,jumping
3,-1.3772,3.41357,-2.71533,jumping
3,-2.21021,3.65796,-1.69409,jumping
3,-0.68823,1.14502,-0.04736,jumping
3,0.1311,-0.4126,-0.3291,jumping
3,0.16089,-0.44116,-0.21631,jumping
3,-1.86157,1.00244,-0.27588,jumping
3,-0.85596,0.18799,1.35474,jumping
3,-1.33032,-0.89917,0.63062,jumping
3,-0.61084,-0.54321,0.61108,jumping
3,-0.7019,0.33276,0.47168,jumping
3,-1.78833,3.44873,0.63965,jumping
3,-2.22998,4.55664,-1.15063,jumping
3,-0.48584,2.57813,-1.66406,jumping
3,-0.13525,3.32178,-2.03857,jumping
3,-2.33667,3.60474,-1.72559,jumping
3,-0.33472,1.38037,0.19385,jumping
3,0.17188,-0.68408,0.19971,jumping
3,-0.33081,-0.44409,0.03003,jumping
3,-2.69702,0.63525,0.28345,jumping
3,-1.16431,0.88379,1.14111,jumping
3,-0.93115,-0.34302,1.21973,jumping
3,-0.1687,0.1936,0.06323,jumping
3,0.14258,0.55493,-0.27905,jumping
3,-2.56738,3.17822,-1.67725,jumping
3,-2.44189,2.32153,-2.37305,jumping
3,-1.69653,2.06152,-3.5415,jumping
3,-1.41357,3.04956,-0.51123,jumping
3,0.02271,-0.08057,-0.0603,jumping
3,0.61182,-0.68213,0.04297,jumping
3,-0.85596,0.26807,-0.09131,jumping
3,-1.55542,0.27539,1.12744,jumping
3,-1.27612,-0.35767,0.48535,jumping
3,-0.94946,-0.30737,0.02222,jumping
3,0.08374,-0.25049,0.26782,jumping
3,0.04395,0.00635,-0.03906,jumping
3,-3.40991,3.33691,-0.42603,jumping
3,-2.11353,2.98608,-1.94189,jumping
3,-0.39941,2.91504,-2.37378,jumping
3,0.28906,3.88354,-2.04492,jumping
3,-2.17969,5.22949,-0.73657,jumping
3,-0.64429,1.82471,0.16138,jumping
3,0.05322,-0.46411,-0.00464,jumping
3,-0.17798,-0.2981,0.24829,jumping
3,-2.23535,1.2688,0.94604,jumping
3,-0.72168,0.30176,0.24487,jumping
3,-0.87793,-0.71094,0.25464,jumping
3,-0.14063,-0.59766,0.26636,jumping
3,0.22583,-0.13989,0.37109,jumping
3,-0.34229,0.86499,-0.01465,jumping
3,-3.45215,4.95386,-1.15503,jumping
3,-1.44824,2.81274,-2.21191,jumping
3,-0.125,2.44727,-2.95508,jumping
3,-1.63037,3.83691,-2.26221,jumping
3,-0.25635,2.47412,-0.48828,jumping
3,-0.0271,1.21411,-0.2915,jumping
3,-0.20776,-0.47559,-0.17383,jumping
3,-1.55762,0.17896,0.01855,jumping
3,-0.5625,0.03394,1.3147,jumping
3,-1.50854,-0.93384,0.20703,jumping
3,-1.0083,0.08667,0.20361,jumping
3,0.3208,0.03027,0.5271,jumping
3,-0.37817,0.25391,0.19385,jumping
3,-3.31689,4.40747,-0.75854,jumping
3,-1.77075,3.021,-2.40259,jumping
3,-0.85718,2.71973,-3.16406,jumping
3,-1.55054,3.87256,-2.54272,jumping
3,-1.26978,3.63867,-0.80396,jumping
3,0.19751,0.6875,0.10938,jumping
3,-0.07324,-0.77295,0.39038,jumping
3,-2.36279,0.90405,0.50513,jumping
3,-0.98193,0.25439,0.50513,jumping
3,-0.78735,-1.03125,0.56738,jumping
3,0.15503,-0.54761,0.19946,jumping
3,0.83716,-0.46802,-0.39526,jumping
3,-0.69189,0.57593,0.02637,jumping
3,-3.06348,3.24536,-0.96631,jumping
3,-1.62109,1.68555,-1.2439,jumping
3,-0.21899,1.24658,-2.14209,jumping
3,-2.08984,4.43579,-2.27686,jumping
3,-0.9397,3.68213,-0.5918,jumping
3,-0.51343,0.53369,-0.5686,jumping
3,-0.01172,-0.98047,-0.11157,jumping
3,-1.26318,-0.05347,0.37354,jumping
3,-1.26318,0.28394,1.09277,jumping
3,-2.12695,0.24438,0.09131,jumping
3,-0.62573,-0.4751,0.95215,jumping
3,0.47778,-0.00952,0.54004,jumping
3,-0.29321,1.24414,-0.22266,jumping
3,-2.99902,4.19043,-1.02612,jumping
3,-1.74487,2.38013,-2.03809,jumping
3,-0.89771,1.95654,-2.56958,jumping
3,-1.56299,3.62939,-2.69019,jumping
3,-1.13281,3.16602,-0.47754,jumping
3,0.67529,0.29248,-0.06641,jumping
3,-0.01758,-0.28076,-0.12305,jumping
3,-0.9314,0.19116,0.15332,jumping
3,-1.50586,0.68262,0.84106,jumping
3,-1.46069,-0.18311,0.2981,jumping
3,-0.99048,-0.51636,0.62036,jumping
3,-0.21875,-0.02734,0.80249,jumping
3,-0.57251,0.74536,0.19604,jumping
3,-2.14209,4.4458,-1.09131,jumping
3,-2.04639,3.02808,-2.62402,jumping
3,-1.14331,1.61304,-3.63623,jumping
3,-2.20142,3.16016,-2.78931,jumping
3,-1.42798,3.11597,-0.69214,jumping
3,0.16553,0.75195,0.1355,jumping
3,0.18115,-0.60156,-0.11182,jumping
3,-0.58276,-0.12793,0.49341,jumping
3,-1.94873,1.29565,1.22925,jumping
3,-1.52686,-0.46899,0.45093,jumping
3,-1.08081,-0.95264,0.47095,jumping
3,0.2688,-0.24365,0.29199,jumping
3,-0.05981,0.59082,-0.48315,jumping
3,-2.52588,3.54565,-1.13159,jumping
3,-1.58618,2.15161,-1.94702,jumping
3,-1.07031,1.7959,-2.64209,jumping
3,-1.12964,2.69458,-3.21094,jumping
3,-1.71753,3.61279,-1.97803,jumping
3,-0.02148,1.54688,0.00879,jumping
3,-0.0459,0.30835,-0.29028,jumping
3,-0.27637,-0.35742,0.02954,jumping
3,-2.66431,0.78662,0.94189,jumping
3,-0.60522,0.21484,0.3855,jumping
3,-0.79907,-0.17139,0.03271,jumping
3,0.55444,-0.01489,0.03735,jumping
3,-0.1145,0.06812,-0.27295,jumping
3,-3.03345,3.16577,-0.16211,jumping
3,-1.74683,2.58301,-1.64771,jumping
3,-0.78198,2.52856,-2.95532,jumping
3,-2.14258,3.95776,-2.14551,jumping
3,-1.48535,2.78564,-0.47534,jumping
3,-0.14722,-0.06104,0.16992,jumping
3,0.07153,-0.77905,-0.1311,jumping
3,-0.92017,-0.29517,0.75513,jumping
3,-1.39136,0.43384,1.00952,jumping
3,-1.76489,-0.73877,0.59033,jumping
3,-0.78076,-0.01147,0.42285,jumping
3,0.17212,0.53076,0.15894,jumping
3,-1.58081,1.90845,-0.82788,jumping
3,-3.18774,3.67114,-2.43555,jumping
3,-1.16821,0.58423,-2.57446,jumping
3,-1.13062,0.89404,-3.01196,jumping
3,-1.71631,2.6897,-2.73828,jumping
3,-1.67554,2.92188,-2.03613,jumping
3,-0.32495,0.46875,-0.46533,jumping
3,-0.09033,-0.22656,-0.03931,jumping
3,-0.15503,-0.50977,0.39258,jumping
3,-2.19751,1.7146,0.95459,jumping
3,-1.30835,-0.75,0.44385,jumping
3,-0.70068,-0.43652,0.7146,jumping
3,0.11719,-0.02124,0.56177,jumping
3,-0.13379,0.39966,-0.05029,jumping
3,-3.28296,3.38159,-1.54004,jumping
3,-2.41211,2.13599,-2.59204,jumping
3,-0.59961,0.94971,-2.39111,jumping
3,-0.6228,2.36646,-3.104,jumping
3,-2.07349,4.7312,-2.2749,jumping
3,-0.76733,2.40942,0.03662,jumping
3,-0.35864,0.00146,-0.19556,jumping
3,-0.20947,-0.77002,-0.11426,jumping
3,-2.52832,0.77734,0.81543,jumping
3,-0.92651,-0.01245,0.81982,jumping
3,-0.98779,-0.48389,0.34546,jumping
3,-0.0686,-0.37769,0.31396,jumping
3,0.302,-0.08569,0.47998,jumping
3,-0.85547,1.13281,0.26904,jumping
3,-2.97925,3.66992,-2.25171,jumping
3,-2.1499,1.479,-2.90283,jumping
3,-1.05127,1.59302,-2.92578,jumping
3,-1.67065,3.4292,-2.90845,jumping
3,-1.37744,2.74146,-0.95117,jumping
3,0.17114,0.99219,0.10547,jumping
3,-0.18994,-0.62085,-0.0564,jumping
3,-0.96509,-0.56543,0.4502,jumping
3,-1.32861,-0.05981,1.49341,jumping
3,-1.49536,-0.02881,-0.05444,jumping
3,-0.58203,-0.03833,0.29907,jumping
3,0.17383,0.22632,-0.20068,jumping
3,-0.35474,-0.0459,-0.18896,jumping
3,-1.84937,2.9729,-2.56763,jumping
3,-1.49976,1.88599,-2.65552,jumping
3,-1.9375,3.27661,-2.6936,jumping
3,-2.64087,2.86377,-1.82861,jumping
3,0.11523,1.23193,-0.01318,jumping
3,0.41455,-0.9856,0.25757,jumping
3,-0.36157,-0.46216,-0.03613,jumping
3,-2.38403,1.48364,1.03149,jumping
3,-1.06543,0.17627,0.31982,jumping
3,-0.7959,-1.00171,0.30103,jumping
3,0.05908,-0.25269,0.11084,jumping
3,0.33618,-0.15796,-0.17651,jumping
3,-0.38843,1.31177,0.15576,jumping
3,-2.7417,3.39355,-1.4209,jumping
3,-2.05347,1.26221,-2.17969,jumping
3,-1.28711,0.82422,-3.01929,jumping
3,-2.05884,3.44336,-2.77002,jumping
3,-1.73242,3.55835,-1.09399,jumping
3,0.10669,0.89355,-0.12012,jumping
3,0.13013,-0.42822,0.19092,jumping
3,-0.30371,-0.33691,-0.09912,jumping
3,-2.62915,1.60205,1.37769,jumping
3,-0.70825,-0.24292,-0.04199,jumping
3,-0.77075,-0.95068,0.28491,jumping
3,-0.30835,-0.12036,0.27124,jumping
3,-0.354,0.10522,0.25342,jumping
3,-1.92041,3.53955,-0.97974,jumping
3,-2.47681,3.54541,-2.63354,jumping
3,-0.58203,1.03906,-2.28833,jumping
3,-0.3877,0.9397,-2.47217,jumping
3,-1.46436,3.03784,-2.51416,jumping
3,-1.72974,3.56494,-1.43628,jumping
3,0.15259,0.95581,-0.10352,jumping
3,0.17041,-0.14307,-0.50537,jumping
3,-0.34302,-0.42505,-0.0166,jumping
3,-2.41235,0.75391,0.79712,jumping
3,-0.64014,0.20972,0.26465,jumping
3,-0.73511,-0.72021,0.63013,jumping
3,-0.33911,-0.37964,0.44971,jumping
3,-0.02734,-0.14429,0.2251,jumping
3,-0.97461,2.21191,-0.15894,jumping
3,-3.02393,3.57129,-2.17798,jumping
3,-1.73975,1.04468,-2.59424,jumping
3,-1.00732,1.62183,-2.73315,jumping
3,-1.88452,3.46948,-2.13184,jumping
3,-1.71997,3.03613,-1.08301,jumping
3,0.11548,0.21289,-0.57275,jumping
3,0.12207,-0.4563,-0.23071,jumping
3,-0.57861,0.0769,0.20313,jumping
3,-2.10229,1.04419,0.83936,jumping
3,-0.84326,-0.30322,0.36206,jumping
3,-0.61328,-0.68555,0.51367,jumping
3,-0.08887,0.00244,0.19067,jumping
3,-2.71826,3.13354,-0.96118,jumping
3,-2.41675,2.61475,-2.45557,jumping
3,-1.16992,0.63428,-2.32593,jumping
3,-1.29004,2.40112,-2.98657,jumping
3,-2.10767,2.94214,-2.16333,jumping
3,-0.92188,1.64624,-0.96509,jumping
3,0.37109,-0.07153,-0.04053,jumping
3,0.00464,-0.51929,0.01855,jumping
3,-2.302,0.89526,1.01978,jumping
3,-1.18677,-0.44629,0.23291,jumping
3,-1.31348,-0.58813,0.70264,jumping
3,-0.29492,0.04932,0.56226,jumping
3,0.08472,0.20581,0.16113,jumping
3,-2.09814,2.13843,-0.71216,jumping
3,-2.64038,3.63623,-2.60742,jumping
3,-1.43726,1.93945,-3.1416,jumping
3,-1.54517,0.77026,-3.02515,jumping
3,-3.30786,2.30078,-3.06592,jumping
3,-0.75928,1.80396,-0.26978,jumping
3,0.8645,-0.97339,0.41309,jumping
3,-0.37109,-0.42725,0.39087,jumping
3,-2.6521,1.27515,1.18018,jumping
3,-1.10913,-0.41187,-0.07983,jumping
3,-1.02417,-0.34131,0.61084,jumping
3,0.01685,0.19482,0.66553,jumping
3,0.09399,0.36816,0.24243,jumping
3,-2.73633,3.04907,-1.20532,jumping
3,-2.77246,1.95337,-2.97168,jumping
3,-1.73096,0.58325,-3.62573,jumping
3,-3.16919,1.75146,-3.74634,jumping
3,-1.76318,1.94092,-0.99707,jumping
3,0.41211,0.77808,-0.28467,jumping
3,0.53809,-0.4563,-0.00342,jumping
3,-1.11963,-0.04077,0.48071,jumping
3,-1.9231,0.94189,1.32104,jumping
3,-1.49219,-0.52954,0.27808,jumping
3,-0.64844,-0.33521,0.14331,jumping
3,0.26685,-0.08447,0.51587,jumping
3,-0.65161,1.31714,-0.5752,jumping
3,-2.99878,4.104,-1.76929,jumping
3,-1.32715,1.30957,-2.01831,jumping
3,-1.23462,1.12402,-2.68994,jumping
3,-1.34521,4.75952,-1.88623,jumping
3,-2.14893,4.47388,0.35327,jumping
3,-0.68921,1.34497,0.98193,jumping
3,0.12134,-0.61523,-0.04541,jumping
3,0.19263,-0.48218,-0.38428,jumping
3,-1.74243,0.93286,1.24536,jumping
3,-1.26929,-0.36401,0.48608,jumping
3,-1.14453,-1.00977,0.3623,jumping
3,-0.23828,-0.14771,0.57764,jumping
3,-0.19409,0.32544,0.54346,jumping
3,-3.27856,3.1084,-2.51001,jumping
3,-1.70825,1.03418,-2.64453,jumping
3,-0.53369,1.18359,-2.22388,jumping
3,-2.29053,3.75146,-2.43213,jumping
3,-1.66479,2.89844,-0.42236,jumping
3,0.02954,-0.54785,-0.04639,jumping
3,0.00073,-0.33228,0.04102,jumping
3,-2.26807,1.22021,0.41528,jumping
3,-0.48438,-0.26001,0.39844,jumping
3,-0.47437,-0.89282,0.4126,jumping
3,-0.43677,-0.44116,0.29004,jumping
3,-0.10547,-0.81982,0.44214,jumping
3,-0.22583,0.19214,0.19067,jumping
3,-6.28906,3.42114,-0.81055,jumping
3,-2.46509,2.40942,-0.36548,null
3,-0.88428,1.79077,-0.12427,null
3,-0.4436,1.80957,-0.65918,null
3,-0.97119,1.05444,-0.38989,null
3,-1.11865,0.64063,-0.16724,null
3,-1.8186,0.83911,-0.146,null
3,-1.88672,0.3269,0.28491,null
3,-1.06006,0.3833,0.12207,null
3,-0.79224,0.2981,-0.01074,null
3,-0.34131,-0.27905,0.02563,null
3,-0.37622,0.11865,0.09814,null
3,-0.84937,0.4563,0.08472,null
3,-2.01953,1.41724,0.13159,null
3,-1.2207,1.05298,0.16553,null
3,-1.06201,0.46045,-0.24438,null
3,-0.76343,0.99316,-0.10205,null
3,-0.98584,0.76025,-0.0625,null
3,-0.97949,0.40503,-0.17114,null
3,-1.23242,0.44995,0.03052,null
3,-1.08618,-0.04468,0.08838,null
3,-0.93188,0.08057,-0.05225,null
3,-0.98682,0.04907,-0.10718,null
3,-0.88843,0.45947,-0.08496,null
3,-0.86938,0.77271,-0.04761,null
3,-0.81421,0.82764,-0.03711,null
3,-0.84351,0.63257,-0.07129,null
3,-0.88916,0.42603,-0.06714,null
3,-0.90552,0.37891,-0.11694,null
3,-0.85669,0.42334,-0.14722,null
3,-0.82642,0.43384,-0.16138,null
3,-0.82568,0.41772,-0.18164,null
3,-0.82861,0.44141,-0.18701,null
3,-0.91577,0.43848,-0.20093,null
3,-0.98853,0.42749,-0.18042,null
3,-0.98804,0.36572,-0.17383,null
3,-0.87573,0.33765,-0.11499,null
3,-0.86353,0.39233,-0.0708,null
3,-0.87427,0.49707,-0.05371,null
3,-0.9624,0.53589,-0.01904,null
3,-0.9231,0.51685,-0.01782,null
3,-0.95654,0.50317,-0.01538,null
3,-0.92578,0.46045,0.00244,null
3,-0.91479,0.45068,0.00122,null
3,-0.92163,0.43408,-0.01367,null
3,-0.90723,0.41138,-0.03125,null
3,-0.8562,0.41431,-0.052,null
3,-0.89673,0.44385,-0.10791,null
3,-0.96167,0.42139,-0.13037,null
3,-0.92139,0.48389,-0.0918,null
3,-0.87402,0.50488,-0.06787,null
3,-0.85303,0.49683,-0.06689,null
3,-0.86108,0.48169,-0.06738,null
3,-0.87866,0.48315,-0.08203,null
3,-0.89697,0.48193,-0.09473,null
3,-0.91284,0.43604,-0.12793,null
3,-0.90625,0.41992,-0.12476,null
3,-0.94507,0.44678,-0.14136,null
3,-0.93311,0.43188,-0.14502,null
3,-0.91797,0.34204,-0.12183,null
3,-0.88403,0.3457,-0.09546,null
3,-0.85229,0.40625,-0.07056,null
3,-0.86743,0.43677,-0.09985,null
3,-0.90649,0.43555,-0.15479,null
3,-0.9563,0.39941,-0.19604,null
3,-0.87646,0.45825,-0.15991,null
3,-0.90527,0.46484,-0.17896,null
3,-0.90576,0.40161,-0.16479,null
3,-0.90625,0.43481,-0.17822,null
3,-0.88745,0.40552,-0.1748,null
3,-0.91309,0.39429,-0.20947,null
3,-0.90991,0.37207,-0.24292,null
3,-0.90942,0.38232,-0.19287,null
3,-0.91919,0.39453,-0.15674,null
3,-0.87085,0.40894,-0.1709,null
3,-0.86206,0.3811,-0.18335,null
3,-0.92798,0.44849,-0.23926,null
3,-0.94189,0.46216,-0.21558,null
3,-0.90063,0.37378,-0.17554,null
3,-0.89697,0.36426,-0.1687,null
3,-0.92676,0.42749,-0.1167,null
3,-0.90698,0.4165,-0.11768,null
3,-0.9209,0.39307,-0.11377,null
3,-0.91504,0.39575,-0.11743,null
3,-0.91553,0.38525,-0.1272,null
3,-0.9021,0.38843,-0.1228,null
3,-0.89038,0.40259,-0.11206,null
3,-0.8811,0.42432,-0.09595,null
3,-0.91309,0.45215,-0.08105,null
3,-0.94238,0.46997,-0.09961,null
3,-0.89673,0.45532,-0.11548,null
3,-0.86499,0.44116,-0.09277,null
3,-0.87866,0.43726,-0.08618,null
3,-0.85938,0.42627,-0.08813,null
3,-0.92822,0.43481,-0.0835,null
3,-0.896,0.44214,-0.052,null
3,-0.87939,0.44995,-0.05444,null
3,-0.92725,0.44556,-0.06006,null
3,-0.90747,0.47363,-0.04541,null
3,-0.93433,0.49194,-0.03931,null
3,-0.91089,0.47021,-0.05347,null
3,-0.92798,0.45386,-0.0481,null
3,-0.88062,0.46362,-0.05298,null
3,-0.91504,0.44873,-0.05884,null
3,-0.91699,0.43555,-0.04272,null
3,-0.92017,0.44409,-0.01416,null
3,-0.89111,0.44263,-0.02734,null
3,-0.89111,0.43994,-0.0437,null
3,-0.91431,0.45361,-0.04468,null
3,-0.89917,0.45776,-0.06494,null
3,-0.88623,0.4314,-0.08081,null
3,-0.92212,0.42651,-0.09302,null
3,-0.93628,0.41943,-0.08569,null
3,-0.92139,0.40674,-0.08301,null
3,-0.91284,0.40234,-0.11035,null
3,-0.91919,0.37939,-0.11304,null
3,-0.9104,0.37378,-0.13794,null
3,-0.92993,0.35742,-0.17847,null
3,-0.94873,0.36328,-0.22046,null
3,-0.96631,0.32813,-0.28467,null
3,-0.97217,0.29272,-0.31323,null
3,-0.91455,0.26465,-0.27612,null
3,-0.84009,0.3501,-0.22461,null
3,-0.75464,0.35645,-0.16724,null
3,-0.76831,0.37061,-0.20435,null
3,-0.86108,0.27417,-0.22314,null
3,-1.23071,0.77246,-0.13062,walking
3,-0.72388,0.73096,-0.00781,walking
3,-0.83423,0.47705,-0.1311,walking
3,-0.8938,0.39282,-0.06274,walking
3,-1.13208,0.26953,0.08789,walking
3,-0.82861,0.40869,0.0979,walking
3,-0.8606,0.46777,0.08057,walking
3,-0.75439,0.57959,0.26758,walking
3,-0.69995,0.73364,0.15991,walking
3,-0.91577,0.23218,-0.11084,walking
3,-1.27051,0.55566,-0.11304,walking
3,-1.00659,0.81787,-0.05127,walking
3,-0.82202,0.53564,-0.28223,walking
3,-1.02808,0.32666,-0.25317,walking
3,-1.22363,-0.02979,-0.0835,walking
3,-0.896,0.32935,-0.12891,walking
3,-0.64331,0.36108,-0.26367,walking
3,-0.55029,0.22168,-0.15381,walking
3,-0.62524,0.27563,-0.21289,walking
3,-1.85864,0.86084,-0.18311,walking
3,-0.78931,0.24829,-0.23413,walking
3,-0.79834,0.6272,-0.13477,walking
3,-1.16406,0.39771,0.00537,walking
3,-0.92529,0.38574,0.0105,walking
3,-0.98877,0.48462,0.02075,walking
3,-0.88721,0.396,-0.05566,walking
3,-0.74292,0.20996,-0.12109,walking
3,-0.875,0.17456,-0.09717,walking
3,-1.38232,0.41333,-0.07129,walking
3,-0.93359,0.57104,-0.2561,walking
3,-1.01611,0.34961,0.06763,walking
3,-0.88257,0.41016,0.09277,walking
3,-0.58447,0.48608,-0.10156,walking
3,-0.69116,0.47119,-0.16626,walking
3,-0.93604,0.68188,-0.65283,walking
3,-0.75464,0.67725,-0.54639,walking
3,-0.80249,0.30371,-0.22266,walking
3,-0.79053,0.46606,-0.13647,walking
3,-0.90039,0.57935,-0.24048,walking
3,-1.22412,0.51685,-0.3479,walking
3,-0.87915,0.07471,-0.18701,walking
3,-1.02148,0.45972,-0.05859,walking
3,-1.03906,0.33887,-0.00732,walking
3,-0.85083,0.323,-0.02466,walking
3,-0.82471,0.3606,0.073,walking
3,-0.79712,0.54004,0.13159,walking
3,-0.89551,0.68433,-0.052,walking
3,-1.16089,0.46606,-0.0415,walking
3,-1.00342,0.45679,-0.15356,walking
3,-0.69507,0.45703,-0.24097,walking
3,-1.0791,0.44653,-0.25317,walking
3,-0.98608,0.15625,-0.35938,walking
3,-0.70044,0.25293,-0.40576,walking
3,-0.72559,0.31445,-0.18457,walking
3,-0.80908,0.44043,-0.22949,walking
3,-1.0293,0.56128,-0.28052,walking
3,-1.09106,0.47412,-0.09082,walking
3,-0.75488,0.63257,-0.19702,walking
3,-0.23071,0.73291,-0.26538,walking
3,-0.80811,0.83862,-0.14941,walking
3,-1.17944,0.78418,-0.05493,walking
3,-1.37891,0.2251,-0.10718,walking
3,-1.58594,0.52271,-0.29053,walking
3,-1.12256,0.25854,-0.18091,walking
3,-0.78882,0.1001,-0.15332,walking
3,-0.5874,0.12451,-0.25854,walking
3,-0.73242,0.22876,-0.11572,walking
3,-0.94287,0.38257,-0.10449,walking
3,-1.41406,0.8728,-0.19312,walking
3,-1.1167,0.50635,-0.03394,walking
3,-0.99121,0.57471,-0.14185,walking
3,-0.61401,0.68433,-0.04199,walking
3,-0.80176,0.58838,-0.15015,walking
3,-1.17041,-0.0647,-0.84326,walking
3,-0.89795,0.44946,-0.56152,walking
3,-0.97363,0.29248,-0.04688,walking
3,-1.12134,0.55273,-0.13623,walking
3,-0.93359,0.40161,-0.12402,walking
3,-0.94409,0.36328,-0.07031,walking
3,-0.99585,0.28296,-0.05273,walking
3,-0.82495,0.31616,0.00732,walking
3,-0.78857,0.36011,-0.02075,walking
3,-0.84082,0.37231,-0.01758,walking
3,-0.87402,0.4043,-0.0625,walking
3,-0.98633,0.48047,-0.12305,walking
3,-1.18799,0.61035,-0.1543,walking
3,-1.1582,0.66235,-0.26758,walking
3,-0.62183,0.43677,-0.30322,walking
3,-0.76563,0.52832,-0.28589,walking
3,-1.42798,0.16602,-0.28003,walking
3,-0.84766,-0.13379,-0.10962,walking
3,-0.86084,0.00098,0.01416,walking
3,-0.82056,0.51465,-0.0708,walking
3,-0.70337,0.68701,-0.07031,walking
3,-0.93384,0.50098,-0.13135,walking
3,-1.43408,0.38892,-0.53271,walking
3,-0.76953,0.34253,-0.21167,walking
3,-0.8291,0.36792,-0.07104,walking
3,-1.14673,0.36548,-0.06885,walking
3,-0.96143,0.33105,0.01294,walking
3,-0.83813,0.41431,-0.05225,walking
3,-0.8689,0.38989,-0.02954,walking
3,-0.78516,0.26807,-0.03296,walking
3,-0.77393,0.33105,-0.04639,walking
3,-1.03369,0.49268,-0.07739,walking
3,-1.22241,0.77832,-0.20728,walking
3,-1.25562,0.4707,-0.23438,walking
3,-0.68286,0.42163,-0.27954,walking
3,-0.74512,0.37231,-0.12622,walking
3,-1.1521,0.34277,0.00439,walking
3,-0.7124,0.53101,-0.16943,walking
3,-0.73682,0.43726,-0.37695,walking
3,-0.71362,0.05957,-0.40503,walking
3,-0.80029,0.51172,-0.396,walking
3,-1.15308,0.92529,-0.32617,walking
3,-0.96167,0.39697,-0.14697,walking
3,-0.75562,0.41992,-0.11523,walking
3,-1.01001,0.51025,-0.07104,walking
3,-1.10376,0.354,-0.0332,walking
3,-0.86108,0.39404,-0.02637,walking
3,-0.9873,0.43018,-0.07275,walking
3,-0.91602,0.26685,-0.12354,walking
3,-0.89136,0.21362,-0.09814,walking
3,-0.96582,0.3208,-0.00269,walking
3,-0.97803,0.45947,-0.07593,walking
3,-1.13159,0.53271,-0.06226,walking
3,-0.94873,0.46338,-0.00171,walking
3,-0.79248,0.48071,0.02661,walking
3,-0.74097,0.48389,-0.02222,walking
3,-0.79004,0.42676,0.01367,walking
3,-1.01294,0.49683,-0.54858,walking
3,-1.0752,1.12305,-0.75049,walking
3,-0.91919,0.77002,-0.04199,walking
3,-0.8855,0.17505,-0.07446,walking
3,-1.1355,0.3064,-0.20142,walking
3,-1.06689,0.29419,0.0271,walking
3,-0.76636,0.43262,-0.05786,walking
3,-0.61768,0.29468,-0.03101,walking
3,-0.93237,0.4375,-0.07104,walking
3,-1.38184,0.6582,-0.08789,walking
3,-0.77173,0.38501,-0.52759,walking
3,-0.52808,0.32251,-0.31421,walking
3,-1.14087,0.65674,-0.32324,walking
3,-0.96899,0.41748,-0.33765,walking
3,-0.91943,0.49878,-0.12915,walking
3,-0.86719,0.45093,-0.11572,walking
3,-0.71948,0.36792,-0.1355,walking
3,-0.84814,0.31079,-0.16211,walking
3,-1.12915,0.43115,-0.14941,walking
3,-0.68042,0.43701,-0.14478,walking
3,-1.2251,0.78247,-0.21753,walking
3,-0.99951,0.7373,-0.00317,walking
3,-0.84888,0.10474,-0.22437,walking
3,-0.88989,0.6333,-0.13672,walking
3,-0.92749,0.46606,-0.12305,walking
3,-1.08423,0.2937,-0.04834,walking
3,-1.37817,0.48145,-0.05176,walking
3,-0.51758,0.40137,-0.41602,walking
3,-0.68506,0.03931,-0.08105,walking
3,-0.99902,0.19629,0.02588,walking
3,-0.72241,0.6145,-0.19751,walking
3,-0.81909,0.48901,-0.15088,walking
3,-0.99487,0.57593,-0.1333,walking
3,-0.95313,0.68579,-0.18066,walking
3,-1.01758,0.66504,-0.17871,walking
3,-1.05054,0.69971,-0.21338,walking
3,-0.90649,0.42725,-0.14917,walking
3,-1.47412,0.47876,-0.08936,walking
3,-1.20093,0.35278,0.06104,walking
3,-0.95313,0.37769,-0.02441,walking
3,-0.8374,0.31274,-0.01685,walking
3,-0.68726,0.16724,-0.07227,walking
3,-0.58594,0.21045,-0.07251,walking
3,-0.9082,0.36914,-0.03638,walking
3,-1.4563,0.60864,-0.00195,walking
3,-1.63916,0.7605,-0.02319,walking
3,-0.88379,0.51831,-0.09546,walking
3,-0.69043,0.54736,0.12524,walking
3,-0.86768,0.33228,0.25269,walking
3,-0.58569,0.50073,0.17529,walking
3,-0.57202,0.59473,0.01123,walking
3,-1.0564,0.46484,-0.58008,walking
3,-0.64453,0.98682,-0.73828,walking
3,-1.23804,0.82764,-0.34888,walking
3,-1.23779,0.45996,-0.09668,walking
3,-0.98047,0.07642,-0.02295,walking
3,-1.19629,0.40332,0.17651,walking
3,-0.9707,0.45117,0.04468,walking
3,-0.79248,0.33472,-0.00635,walking
3,-0.72754,0.6897,-0.05444,walking
3,-0.37695,0.89429,0.16284,walking
3,-0.29199,0.7644,0.09302,walking
3,-0.35767,0.59277,-0.00293,walking
3,-1.17212,0.47949,0.11426,walking
3,-1.23828,0.75635,-0.33691,walking
3,-0.89575,0.27051,-0.10693,walking
3,-0.88232,0.49976,0.06592,walking
3,-0.57495,0.55615,0.04346,walking
3,-0.7251,0.58521,-0.08691,walking
3,-0.88159,0.65259,-0.20923,walking
3,-1.15674,-0.15308,-0.80322,walking
3,-1.15649,0.48779,-0.08228,walking
3,-0.87231,0.45508,-0.08521,walking
3,-1.20068,0.57275,-0.02661,walking
3,-0.99414,0.36621,-0.02173,walking
3,-0.87671,0.396,0.04272,walking
3,-0.79956,0.34424,0.03564,walking
3,-0.67944,0.30444,-0.146,walking
3,-0.79346,0.28076,-0.20972,walking
3,-1.37939,0.26245,-0.08057,walking
3,-0.93945,0.51025,-0.50195,walking
3,-0.91626,0.33618,-0.26318,walking
3,-1.08521,0.33618,-0.12061,walking
3,-0.7168,0.52026,-0.12842,walking
3,-0.63574,0.51758,-0.12891,walking
3,-0.81787,0.52319,-0.16284,walking
3,-0.89575,0.44043,-0.28394,walking
3,-1.08569,0.38428,-0.47827,walking
3,-1.36182,0.57104,-0.29419,walking
3,-0.70654,0.31519,-0.13647,walking
3,-1.01831,0.48511,-0.07593,walking
3,-1.08716,0.42383,-0.0061,walking
3,-0.7793,0.33667,-0.00659,walking
3,-0.81396,0.45483,0.01855,walking
3,-0.74121,0.32666,-0.03394,walking
3,-0.7583,0.33032,-0.11719,walking
3,-0.97974,0.42163,-0.1145,walking
3,-1.50781,0.66577,-0.39551,walking
3,-0.63745,0.26611,-0.35498,walking
3,-0.88159,0.39575,-0.229,walking
3,-0.90234,0.61548,-0.19946,walking
3,-0.74097,0.3689,-0.15576,walking
3,-0.84912,0.47632,-0.11255,walking
3,-0.90649,0.24268,-0.27051,walking
3,-1.46143,0.42822,-0.4314,walking
3,-0.85107,0.48657,-0.07837,walking
3,-0.79492,0.3396,-0.09155,walking
3,-1.07861,0.33594,-0.08643,walking
3,-0.95557,0.35791,0.07813,walking
3,-0.77686,0.4397,0.02417,walking
3,-0.8584,0.43457,-0.00171,walking
3,-0.85986,0.29248,-0.05933,walking
3,-0.86694,0.27344,-0.09521,walking
3,-1.22266,0.34619,-0.07959,walking
3,-1.05933,0.41357,-0.06177,walking
3,-0.854,0.48047,-0.12476,walking
3,-1.00757,0.43311,-0.03662,walking
3,-0.99023,0.41943,0.03735,walking
3,-0.8374,0.49097,-0.08569,walking
3,-0.75781,0.40747,-0.19165,walking
3,-0.78564,0.36157,-0.28247,walking
3,-0.92285,0.55957,-0.38135,walking
3,-1.18091,0.54907,-0.35693,walking
3,-0.72339,0.40308,-0.22974,walking
3,-0.87378,0.35229,-0.13647,walking
3,-1.13794,0.35156,-0.0542,walking
3,-0.82886,0.34961,0.02075,walking
3,-0.86475,0.44531,0.05469,walking
3,-0.91016,0.47144,0.06079,walking
3,-0.91528,0.54248,0.02466,walking
3,-0.9585,0.54663,-0.03125,walking
3,-0.97925,0.56274,-0.13477,walking
3,-1.21069,0.7395,-0.26831,walking
3,-0.85864,0.47388,-0.47583,walking
3,-0.95532,0.22559,-0.40137,walking
3,-1.20313,-0.00024,-0.1604,walking
3,-1.01025,0.4043,0.0,walking
3,-0.7207,0.35498,-0.03491,walking
3,-0.52344,0.29443,-0.05786,walking
3,-0.52832,0.33887,-0.17236,walking
3,-0.87842,0.43188,-0.25488,walking
3,-1.62549,0.57739,-0.271,walking
3,-1.00317,0.68945,-0.27002,walking
3,-0.70898,0.3645,-0.25439,walking
3,-0.95288,0.64624,-0.25952,walking
3,-1.10767,0.56396,-0.12671,walking
3,-1.04639,0.302,-0.03271,walking
3,-0.96265,0.42676,0.04858,walking
3,-0.87695,0.46143,0.0144,walking
3,-0.69189,0.33008,0.0144,walking
3,-0.76563,0.25757,-0.07764,walking
3,-1.18359,0.32568,-0.2085,walking
3,-0.94116,0.41772,-0.60254,walking
3,-0.97998,0.40186,-0.24902,walking
3,-1.08716,0.46997,-0.32031,walking
3,-0.70386,0.51318,-0.14917,walking
3,-0.73779,0.49561,-0.02612,walking
3,-0.8186,0.4585,-0.07813,walking
3,-0.83252,0.56421,-0.20581,walking
3,-0.93164,0.49219,-0.28955,walking
3,-1.37988,0.5,-0.30103,walking
3,-0.84692,0.37476,-0.16943,walking
3,-0.71069,0.38818,-0.1062,walking
3,-1.14648,0.5979,-0.06665,walking
3,-1.02515,0.50903,0.01758,walking
3,-0.83862,0.29517,0.05322,walking
3,-0.83765,0.45459,0.01514,walking
3,-0.76904,0.3252,-0.02295,walking
3,-0.83325,0.37158,-0.17188,walking
3,-1.12207,0.31567,-0.30371,walking
3,-1.11816,0.31592,-0.3833,walking
3,-0.79712,0.2749,-0.35303,walking
3,-1.13037,0.31323,-0.00977,walking
3,-0.9231,0.70801,0.02026,walking
3,-0.65063,0.68677,-0.11304,walking
3,-0.75806,0.5874,-0.16138,walking
3,-0.86816,0.43311,-0.34912,walking
3,-0.98535,0.14551,-0.43335,walking
3,-1.44092,0.43872,-0.26538,walking
3,-0.86694,0.48462,-0.09424,walking
3,-0.85718,0.49146,-0.05957,walking
3,-1.13525,0.49268,-0.02637,walking
3,-0.96924,0.36011,0.01758,walking
3,-0.78955,0.33472,-0.00122,walking
3,-0.7832,0.354,-0.01855,walking
3,-0.77954,0.29492,-0.13403,walking
3,-1.08643,0.48047,-0.17456,walking
3,-1.59644,0.62622,0.00171,walking
3,-0.73315,0.50293,-0.09155,walking
3,-0.59326,0.57544,0.08423,walking
3,-0.87939,0.54761,0.09521,walking
3,-0.72827,0.49976,-0.07129,walking
3,-1.11841,-0.05176,-0.97363,walking
3,-0.92725,0.29199,-0.49927,walking
3,-0.89331,0.36182,-0.14063,walking
3,-0.75732,0.16309,-0.1626,walking
3,-0.79736,0.39136,-0.16602,walking
3,-0.77832,0.44189,-0.448,walking
3,-1.0647,0.61255,-0.48755,walking
3,-1.12939,0.35156,-0.12134,walking
3,-0.93945,0.27686,-0.04346,walking
3,-1.02417,0.38184,0.05273,walking
3,-0.89136,0.3313,0.1167,walking
3,-0.73779,0.46729,0.05566,walking
3,-0.91479,0.48926,-0.05518,walking
3,-0.94629,0.42261,-0.04956,walking
3,-0.9563,0.47559,-0.0481,walking
3,-0.88965,0.55078,-0.11914,walking
3,-0.91553,0.57617,-0.13623,walking
3,-1.03809,0.51538,-0.21655,walking
3,-1.05444,0.53833,-0.30273,walking
3,-0.85059,0.29028,-0.28931,walking
3,-1.0979,0.09912,-0.14087,walking
3,-1.0603,0.26782,-0.07715,walking
3,-0.68921,0.38525,-0.19409,walking
3,-0.61401,0.20898,-0.3374,walking
3,-0.7627,0.21069,-0.28491,walking
3,-0.93506,0.36182,-0.21631,walking
3,-1.10767,0.71802,-0.25708,walking
3,-1.35229,0.78735,-0.16455,walking
3,-0.69336,0.42456,-0.09546,walking
3,-0.75952,0.50952,-0.19946,walking
3,-1.1875,0.48438,-0.14185,walking
3,-1.00732,0.27466,-0.11475,walking
3,-0.9519,0.38501,-0.08667,walking
3,-0.93701,0.35596,-0.1521,walking
3,-0.71606,0.16772,-0.1084,walking
3,-0.68042,0.28198,-0.13281,walking
3,-0.99268,0.3877,-0.12183,walking
3,-1.78076,0.73218,-0.16235,walking
3,-0.76245,0.23291,-0.08813,walking
3,-0.98511,0.54199,0.1333,walking
3,-0.60547,0.43384,0.04297,walking
3,-0.68091,0.50073,-0.04004,null
3,-0.82251,0.53638,-0.12183,null
3,-1.09644,0.21704,-1.07153,null
3,-0.7312,0.69971,-0.4126,null
3,-1.19946,0.5791,-0.12549,null
3,-0.87061,0.35449,0.02954,null
3,-0.87573,0.37378,-0.0752,null
3,-1.07813,0.36572,-0.00781,null
3,-0.95483,0.33521,0.05273,null
3,-0.77515,0.41797,-0.02539,null
3,-0.81323,0.38037,-0.04272,null
3,-0.92358,0.34399,-0.06372,null
3,-0.98926,0.36499,-0.03076,null
3,-1.15283,0.48047,-0.02124,null
3,-0.83569,0.45313,-0.14746,null
3,-1.00415,0.3772,-0.2146,null
3,-0.87598,0.0166,-0.43994,null
3,-0.83081,0.27905,-0.2627,null
3,-0.81714,0.48804,-0.12744,null
3,-0.76636,0.44019,-0.18042,null
3,-1.16064,0.43945,-0.36841,null
3,-0.87231,0.50854,-0.12012,null
3,-0.99902,0.27759,-0.12329,null
3,-0.94995,0.38257,-0.03101,null
3,-0.99121,0.4043,-0.00635,null
3,-0.90698,0.36377,0.04883,null
3,-0.91455,0.38818,0.02832,null
3,-0.92432,0.35156,0.05298,null
3,-0.89014,0.38281,0.03394,null
3,-0.90869,0.43384,0.01538,null
3,-0.96484,0.53076,-0.04761,null
3,-0.99146,0.60596,-0.10303,null
3,-0.93604,0.49585,-0.1416,null
3,-0.89209,0.49268,-0.17188,null
3,-0.92896,0.43945,-0.14453,null
3,-0.99585,0.40552,-0.09155,null
3,-0.96973,0.37402,-0.04419,null
3,-0.93213,0.34912,-0.0083,null
3,-0.85498,0.33643,-0.00439,null
3,-0.84937,0.33398,-0.00537,null
3,-0.88721,0.3689,-0.04614,null
3,-0.95044,0.39771,-0.08105,null
3,-0.96411,0.41333,-0.10693,null
3,-0.96289,0.42822,-0.11572,null
3,-0.93335,0.43457,-0.11719,null
3,-0.92725,0.42676,-0.10229,null
3,-0.92505,0.40918,-0.09058,null
3,-0.92505,0.396,-0.08252,null
3,-0.93799,0.37915,-0.09082,null
3,-0.95923,0.36328,-0.08179,null
3,-0.93262,0.35596,-0.06226,null
3,-0.90869,0.36938,-0.06909,null
3,-0.89282,0.3667,-0.06885,null
3,-0.90454,0.38892,-0.07153,null
3,-0.9187,0.41406,-0.08716,null
3,-0.92969,0.42749,-0.11938,null
3,-0.93066,0.43286,-0.14868,null
3,-0.92188,0.4126,-0.16064,null
3,-0.94238,0.34473,-0.13013,null
3,-0.92896,0.34619,-0.1145,null
3,-0.92041,0.35669,-0.11353,null
3,-0.9248,0.35352,-0.12354,null
3,-0.94238,0.35449,-0.13989,null
3,-0.92822,0.36792,-0.14063,null
3,-0.92847,0.38062,-0.12817,null
3,-0.92871,0.39111,-0.12256,null
3,-0.93457,0.38013,-0.11987,null
3,-0.92676,0.37427,-0.1167,null
3,-0.90186,0.36572,-0.09912,null
3,-0.89575,0.38843,-0.09399,null
3,-0.91699,0.40137,-0.10083,null
3,-0.94189,0.40894,-0.10498,null
3,-0.91431,0.39795,-0.10645,null
3,-0.92432,0.40796,-0.11328,null
3,-0.93359,0.40649,-0.0979,null
3,-0.8916,0.39111,-0.08984,null
3,-0.90234,0.40161,-0.08765,null
3,-0.91309,0.42407,-0.08667,null
3,-0.93335,0.42676,-0.09937,null
3,-0.9209,0.42603,-0.11182,null
3,-0.9187,0.41113,-0.11938,null
3,-0.89136,0.39697,-0.12573,null
3,-0.92944,0.38477,-0.10596,null
3,-0.92139,0.41235,-0.08447,null
3,-0.93457,0.396,-0.05908,null
3,-0.93677,0.38843,-0.07642,null
3,-0.94263,0.37622,-0.10132,null
3,-0.92261,0.3645,-0.12109,null
3,-0.99268,0.38477,-0.17334,null
3,-1.1875,0.56274,-0.19409,null
3,-1.14771,0.74829,-0.12183,null
3,-0.74463,0.85449,-0.12842,null
3,-0.49902,0.49194,-0.1543,null
3,-0.45435,0.31226,-0.44336,null
3,-0.56177,0.53027,-0.51221,null
3,-0.68726,0.27759,-0.35596,null
3,-0.64502,0.73389,-0.48462,null
3,-0.55347,0.38696,-0.35327,null
3,-0.64429,0.63281,-0.28882,null
3,-0.78223,0.76611,-0.54517,null
3,-0.64795,0.64648,-0.35425,null
3,-0.6936,0.62402,-0.36792,null
3,-0.74951,0.65918,-0.41016,null
3,-0.69458,0.59619,-0.41455,null
3,-0.72021,0.61182,-0.39429,null
3,-0.70435,0.59888,-0.40112,null
3,-0.71265,0.59814,-0.39355,null
3,-0.71265,0.59424,-0.4082,null
3,-0.71753,0.58984,-0.41577,null
3,-0.71802,0.57935,-0.41895,null
3,-0.71069,0.55811,-0.4292,null
3,-0.71313,0.56396,-0.43604,null
3,-0.71533,0.55518,-0.43335,null
3,-0.71851,0.54883,-0.43457,null
3,-0.72217,0.54395,-0.44971,null
3,-0.72119,0.53564,-0.46777,null
3,-0.71655,0.53882,-0.44287,null
3,-0.72729,0.54517,-0.43701,null
3,-0.71582,0.53979,-0.45532,null
3,-0.71777,0.54858,-0.44653,null
3,-0.71851,0.5481,-0.4585,null
3,-0.71338,0.54932,-0.44897,null
3,-0.71875,0.552,-0.4458,null
3,-0.71387,0.53638,-0.45972,null
3,-0.69092,0.54736,-0.49097,null
3,-0.72046,0.54565,-0.46289,null
3,-0.70068,0.54541,-0.45361,null
3,-0.71387,0.5603,-0.45215,null
3,-0.68286,0.54395,-0.46533,null
3,-0.7019,0.5874,-0.50977,null
3,-0.64624,0.55884,-0.43774,null
3,-0.71558,0.61206,-0.51221,null
3,-0.79102,0.59839,-0.63013,null
3,-0.70142,0.59082,-0.43945,null
3,-0.67432,0.27222,-0.51733,null
3,-0.59766,0.26855,-0.10571,null
3,-0.62134,0.5144,-0.01807,null
3,-1.10889,0.88037,-0.3667,jogging_in_place
3,-0.94751,1.29419,-0.40747,jogging_in_place
3,-0.30518,1.05713,-0.40137,jogging_in_place
3,-0.03345,0.57349,-0.43115,jogging_in_place
3,0.08374,0.125,-0.19019,jogging_in_place
3,-1.21045,1.95239,-0.41602,jogging_in_place
3,-1.61377,1.25977,-0.11548,jogging_in_place
3,-0.4021,0.36011,-0.12646,jogging_in_place
3,-0.14453,0.11108,-0.21313,jogging_in_place
3,0.03833,-0.2085,-0.18237,jogging_in_place
3,-0.65723,2.16138,-0.64526,jogging_in_place
3,-0.91528,1.95825,-0.32251,jogging_in_place
3,0.16699,0.12744,-0.36157,jogging_in_place
3,0.14526,-0.1377,-0.24463,jogging_in_place
3,0.15381,2.11792,-0.38623,jogging_in_place
3,-1.4707,1.91504,-0.32251,jogging_in_place
3,-0.08447,0.05518,-0.29761,jogging_in_place
3,-0.08545,-0.61401,-0.1123,jogging_in_place
3,0.27295,-0.18018,-0.14331,jogging_in_place
3,-1.66138,4.71948,-1.62695,jogging_in_place
3,0.88257,0.31519,-0.104,jogging_in_place
3,0.09009,-0.38208,-0.29858,jogging_in_place
3,0.28296,-0.60767,-0.20142,jogging_in_place
3,-0.20654,4.22583,0.09229,jogging_in_place
3,0.02002,1.33301,-0.20386,jogging_in_place
3,-0.51416,-1.54443,-0.06909,jogging_in_place
3,0.21533,1.05396,-0.12646,jogging_in_place
3,-0.59863,4.2832,-0.77051,jogging_in_place
3,0.41113,0.34326,-0.22363,jogging_in_place
3,0.02368,-0.65405,-0.07544,jogging_in_place
3,0.2019,-0.55249,-0.24951,jogging_in_place
3,0.20801,3.4541,-0.35425,jogging_in_place
3,-0.52295,2.15625,-0.16357,jogging_in_place
3,-0.57568,-0.52612,-0.24951,jogging_in_place
3,-0.08643,-0.71509,-0.10913,jogging_in_place
3,0.51099,1.78296,-0.12939,jogging_in_place
3,-0.98364,3.52344,-0.36963,jogging_in_place
3,0.66528,-0.00317,-0.33325,jogging_in_place
3,0.18481,-0.5896,-0.33472,jogging_in_place
3,0.4043,-0.24609,-0.13892,jogging_in_place
3,-1.14575,4.81079,-0.45825,jogging_in_place
3,0.11401,0.77344,-0.15454,jogging_in_place
3,-0.22778,-0.90527,-0.2334,jogging_in_place
3,-0.06787,-0.87598,-0.0083,jogging_in_place
3,0.35278,3.39551,-0.43994,jogging_in_place
3,-0.45117,2.19556,-0.55298,jogging_in_place
3,0.18213,-0.29517,-0.24927,jogging_in_place
3,0.64063,0.75537,-0.22534,jogging_in_place
3,-0.45142,1.52612,-0.26514,jogging_in_place
3,-0.84326,-0.91284,-0.18555,jogging_in_place
3,-0.4353,-1.01685,-0.08716,jogging_in_place
3,0.28979,2.4104,-0.12158,jogging_in_place
3,-0.5769,3.43311,-0.42041,jogging_in_place
3,0.24365,-1.38623,-0.05737,jogging_in_place
3,0.18701,-0.22095,0.23242,jogging_in_place
3,-0.70337,2.10596,-0.20337,jogging_in_place
3,-0.83813,1.90332,0.55566,jogging_in_place
3,-0.18286,1.48047,0.26929,jogging_in_place
3,-0.07886,0.03052,-0.05542,jogging_in_place
3,-0.02905,0.25439,0.02368,jogging_in_place
3,-0.11011,2.06787,-0.29761,jogging_in_place
3,-0.19873,1.86377,-0.67773,jogging_in_place
3,0.35059,0.11938,-0.20703,jogging_in_place
3,0.16821,-0.48291,-0.16699,jogging_in_place
3,0.4292,0.00952,-0.15503,jogging_in_place
3,0.33081,4.21045,-0.46973,jogging_in_place
3,-0.12769,1.15234,-0.11987,jogging_in_place
3,-0.3916,-0.59619,-0.33423,jogging_in_place
3,-0.19922,-0.56567,-0.20972,jogging_in_place
3,0.45117,3.3606,-0.51611,jogging_in_place
3,0.58984,1.98096,-0.08569,jogging_in_place
3,0.12207,-0.51904,-0.62695,jogging_in_place
3,-0.10181,-0.68213,-0.2644,jogging_in_place
3,0.36865,1.24072,0.15381,jogging_in_place
3,-0.24805,3.6001,0.92749,jogging_in_place
3,0.04077,0.74048,0.06567,jogging_in_place
3,-0.24072,-0.41797,-0.52563,jogging_in_place
3,-0.02344,-0.54077,-0.21729,jogging_in_place
3,0.45117,4.50903,0.81323,jogging_in_place
3,0.4209,1.26172,-0.40723,jogging_in_place
3,0.17554,-0.4519,-0.78442,jogging_in_place
3,0.2771,-0.63062,0.11328,jogging_in_place
3,0.53467,3.36865,-0.48096,jogging_in_place
3,-0.37402,2.20361,-0.4873,jogging_in_place
3,-0.32227,-0.38818,-0.51172,jogging_in_place
3,-0.27051,-0.70752,-0.12793,jogging_in_place
3,0.36255,1.28589,-0.32178,jogging_in_place
3,-0.14282,3.8562,-0.72437,jogging_in_place
3,0.59692,-0.13916,-0.1665,jogging_in_place
3,0.13599,-0.59473,-0.07373,jogging_in_place
3,0.33569,-0.23999,-0.2063,jogging_in_place
3,0.08154,4.7583,-0.63428,jogging_in_place
3,-0.17212,1.10742,-0.23267,jogging_in_place
3,-0.60327,-0.896,-0.13574,jogging_in_place
3,-0.1665,-0.71899,-0.00757,jogging_in_place
3,0.20239,0.71558,-0.33838,jogging_in_place
3,-1.59229,4.47412,-1.32813,jogging_in_place
3,0.67383,0.27759,-0.27319,jogging_in_place
3,0.01538,-0.37378,-0.12061,jogging_in_place
3,0.20435,-0.35156,-0.35303,jogging_in_place
3,-0.4375,4.47046,-0.90796,jogging_in_place
3,-0.05811,0.52051,0.07983,jogging_in_place
3,-0.07642,-0.6333,-0.10132,jogging_in_place
3,0.62476,3.64868,-0.65845,jogging_in_place
3,0.29321,2.05273,-0.41748,jogging_in_place
3,0.12646,-0.1709,-0.1543,jogging_in_place
3,-0.03613,-0.86938,-0.02051,jogging_in_place
3,0.51904,0.83545,-0.11133,jogging_in_place
3,-0.95337,4.10254,0.02173,jogging_in_place
3,0.16699,0.76636,-0.12524,jogging_in_place
3,-0.30786,-0.9436,-0.06958,jogging_in_place
3,-0.10938,-0.2749,-0.14404,jogging_in_place
3,0.35425,3.8103,-0.42749,jogging_in_place
3,0.46094,1.58911,-0.28296,jogging_in_place
3,0.0542,-0.33813,-0.08789,jogging_in_place
3,0.22461,-0.50928,-0.01782,jogging_in_place
3,0.08447,1.53296,-0.28052,jogging_in_place
3,-0.76587,3.46802,-0.43359,jogging_in_place
3,-0.06445,0.448,-0.25928,jogging_in_place
3,-0.32837,-0.79419,0.06592,jogging_in_place
3,-0.12183,-0.13647,-0.15479,jogging_in_place
3,0.32764,3.54224,-0.69019,jogging_in_place
3,0.57227,1.7251,-0.13135,jogging_in_place
3,0.03735,-0.2688,0.05957,jogging_in_place
3,0.07739,-0.56982,-0.01196,jogging_in_place
3,0.69971,2.55884,-0.15137,jogging_in_place
3,-0.07471,2.65625,0.07324,jogging_in_place
3,-0.30859,0.29492,-0.32446,jogging_in_place
3,-0.58105,-0.80005,-0.02002,jogging_in_place
3,-0.08887,0.01831,-0.073,jogging_in_place
3,0.63599,3.62842,0.05615,jogging_in_place
3,0.59497,1.86987,-0.00415,jogging_in_place
3,0.09229,-0.02783,-0.39722,jogging_in_place
3,0.13135,-0.72827,-0.10303,jogging_in_place
3,0.59961,1.16724,0.0625,jogging_in_place
3,-0.34497,3.79785,0.13965,jogging_in_place
3,-0.27466,-0.22192,-0.31348,jogging_in_place
3,-0.33521,-0.6062,-0.07861,jogging_in_place
3,0.01563,0.10498,-0.2063,jogging_in_place
3,0.71021,4.05933,-0.30078,jogging_in_place
3,0.57739,1.16235,-0.07397,jogging_in_place
3,-0.04053,-0.38452,-0.08154,jogging_in_place
3,0.09497,-0.47168,-0.13428,jogging_in_place
3,0.60498,2.69629,0.27515,jogging_in_place
3,-0.39551,2.59033,0.55591,jogging_in_place
3,-0.19946,0.03931,-0.06812,jogging_in_place
3,-0.34839,-0.58569,-0.20923,jogging_in_place
3,0.08521,0.05054,-0.29346,jogging_in_place
3,0.74951,3.81274,-0.104,jogging_in_place
3,0.41553,1.42163,-0.01611,jogging_in_place
3,-0.06323,-0.21338,-0.29468,jogging_in_place
3,-0.05908,-0.43848,-0.15747,jogging_in_place
3,0.35205,2.50635,-0.13306,jogging_in_place
3,-0.16699,2.74487,-0.22559,jogging_in_place
3,-0.22998,-0.02856,-0.11499,jogging_in_place
3,-0.3042,-0.48633,-0.28198,jogging_in_place
3,0.03027,-0.31641,-0.03784,jogging_in_place
3,0.54541,3.77881,-0.52197,jogging_in_place
3,0.52734,1.55322,-0.24438,jogging_in_place
3,-0.01172,-0.39893,-0.22461,jogging_in_place
3,-0.02124,3.38599,0.23389,jogging_in_place
3,-0.45288,1.7522,0.17114,jogging_in_place
3,-0.19165,-0.02246,-0.29199,jogging_in_place
3,-0.04858,-0.51733,-0.09204,jogging_in_place
3,0.14697,1.24048,-0.1582,jogging_in_place
3,-0.27612,3.2395,0.08862,jogging_in_place
3,0.49097,0.92163,-0.07446,jogging_in_place
3,0.17114,-0.27881,-0.11157,jogging_in_place
3,0.17651,-0.24316,-0.04932,jogging_in_place
3,0.20483,3.03613,0.22168,jogging_in_place
3,-0.57446,2.03467,0.26294,jogging_in_place
3,-0.3042,0.07593,-0.20532,jogging_in_place
3,-0.25781,-0.65967,-0.08179,jogging_in_place
3,0.09937,0.72046,-0.03369,jogging_in_place
3,0.40625,3.48901,-0.14673,jogging_in_place
3,0.47339,1.26294,-0.08179,jogging_in_place
3,-0.01538,-0.19922,-0.12524,jogging_in_place
3,0.05957,-0.49854,-0.08545,jogging_in_place
3,0.50513,1.96167,-0.03076,jogging_in_place
3,-0.15625,3.45898,-0.38647,jogging_in_place
3,-0.30542,0.3313,0.05298,jogging_in_place
3,-0.61963,-0.69482,-0.16333,jogging_in_place
3,-0.14819,-0.49561,0.00732,jogging_in_place
3,0.54443,4.07813,-0.77222,jogging_in_place
3,0.52417,1.54028,-0.2644,jogging_in_place
3,-0.04614,-0.2085,-0.34961,jogging_in_place
3,0.00757,-0.65381,-0.03564,jogging_in_place
3,0.32861,1.50488,-0.14941,jogging_in_place
3,-0.64331,3.15283,-0.06128,jogging_in_place
3,-0.06567,0.68652,-0.08032,jogging_in_place
3,-0.1853,-0.44214,-0.18164,jogging_in_place
3,0.25635,1.20337,-0.22217,jogging_in_place
3,0.61353,2.99341,-0.43481,jogging_in_place
3,0.37915,1.18848,-0.271,jogging_in_place
3,-0.05249,-0.25928,-0.12573,jogging_in_place
3,0.05908,-0.51172,-0.06665,jogging_in_place
3,0.62744,2.14771,-0.27539,jogging_in_place
3,-0.26978,2.75903,-0.27441,jogging_in_place
3,0.01611,0.73779,-0.19409,jogging_in_place
3,-0.41602,-0.54321,-0.15503,jogging_in_place
3,-0.03223,-0.42456,0.00293,jogging_in_place
3,0.68652,3.49683,-0.53711,jogging_in_place
3,0.45923,1.8269,-0.34155,jogging_in_place
3,0.01025,-0.22119,-0.09521,jogging_in_place
3,0.01709,-0.67725,-0.0105,jogging_in_place
3,0.34204,0.95483,-0.07153,jogging_in_place
3,-0.31152,3.91479,0.0249,jogging_in_place
3,0.01636,0.80884,-0.07642,jogging_in_place
3,-0.44995,-0.55811,-0.146,jogging_in_place
3,-0.30078,-0.38843,-0.11597,jogging_in_place
3,0.78198,3.29834,-0.42407,jogging_in_place
3,0.63086,1.74585,-0.21313,jogging_in_place
3,0.18164,0.22729,-0.17627,jogging_in_place
3,-0.08472,-0.63013,-0.04321,jogging_in_place
3,0.18335,0.81885,-0.09546,jogging_in_place
3,-0.12012,3.65259,0.01611,jogging_in_place
3,-0.0835,0.76978,-0.11304,jogging_in_place
3,-0.16602,-0.55542,-0.17358,jogging_in_place
3,0.43164,3.11401,-0.18433,jogging_in_place
3,0.48413,1.15137,-0.13647,jogging_in_place
3,-0.00903,-0.3479,-0.13745,jogging_in_place
3,0.06226,-0.38428,-0.11816,jogging_in_place
3,0.1875,2.91357,-0.17725,jogging_in_place
3,-0.40137,2.38501,0.10059,jogging_in_place
3,-0.22388,0.06104,-0.21973,jogging_in_place
3,-0.27441,-0.4895,-0.31689,jogging_in_place
3,0.03979,0.5437,-0.16602,jogging_in_place
3,0.62378,3.22998,-0.17871,jogging_in_place
3,0.49609,1.2063,0.10767,jogging_in_place
3,0.23242,-0.27563,-0.12378,jogging_in_place
3,0.43579,-0.29272,0.05396,jogging_in_place
3,0.40649,2.14355,0.07959,jogging_in_place
3,-0.52954,2.89111,-0.14966,jogging_in_place
3,-0.16797,0.68066,-0.22876,jogging_in_place
3,-0.36279,-0.4707,-0.4895,jogging_in_place
3,-0.07788,-0.30835,-0.08057,jogging_in_place
3,0.57764,3.08545,-0.52637,jogging_in_place
3,0.70313,1.85693,-0.18994,jogging_in_place
3,0.2356,-0.01147,-0.21802,jogging_in_place
3,0.12378,-0.51392,-0.10107,jogging_in_place
3,0.21875,1.19043,-0.25928,jogging_in_place
3,-0.75146,3.55322,-0.51147,jogging_in_place
3,-0.15381,0.60986,-0.11865,jogging_in_place
3,-0.12231,-0.37256,-0.27368,jogging_in_place
3,0.08765,-0.43213,0.0708,jogging_in_place
3,0.20874,3.2146,-0.05933,jogging_in_place
3,0.29053,1.51563,-0.23022,jogging_in_place
3,0.16357,-0.19165,-0.06616,jogging_in_place
3,0.29077,-0.24365,0.00635,jogging_in_place
3,0.39429,2.33667,-0.10449,jogging_in_place
3,-0.75073,2.70874,0.07056,jogging_in_place
3,-0.04102,0.4646,-0.24316,jogging_in_place
3,-0.21851,-0.80542,-0.23071,jogging_in_place
3,0.02612,0.00415,-0.13086,jogging_in_place
3,0.0918,3.48828,-0.81616,jogging_in_place
3,0.56787,1.4519,-0.14331,jogging_in_place
3,0.08838,0.02441,-0.23364,jogging_in_place
3,0.10669,-0.57959,-0.04541,jogging_in_place
3,0.41699,1.21094,-0.05103,jogging_in_place
3,-0.36963,3.79565,0.10352,jogging_in_place
3,0.05127,0.77759,-0.10986,jogging_in_place
3,-0.50415,-0.64038,-0.31982,jogging_in_place
3,-0.15137,-0.3479,-0.01685,jogging_in_place
3,0.15332,2.89526,-0.43066,jogging_in_place
3,0.52588,2.27002,-0.27905,jogging_in_place
3,0.38281,0.37549,-0.08984,jogging_in_place
3,0.10791,-0.73413,-0.07471,jogging_in_place
3,0.17065,-0.27051,-0.10791,jogging_in_place
3,-0.13452,4.06885,-0.35596,jogging_in_place
3,-0.40308,1.87109,-0.26563,jogging_in_place
3,-0.22656,-0.33252,0.02393,jogging_in_place
3,-0.05347,0.92041,-0.43359,jogging_in_place
3,0.54395,1.94922,-0.23877,jogging_in_place
3,0.19263,-0.19507,-0.0647,jogging_in_place
3,0.11792,-0.55371,-0.01563,jogging_in_place
3,0.26025,-0.07495,-0.0481,jogging_in_place
3,0.01904,4.60229,-0.22388,jogging_in_place
3,-0.22681,1.30811,-0.12573,jogging_in_place
3,-0.45825,-0.51294,-0.25488,jogging_in_place
3,-0.24292,-0.66284,-0.01245,jogging_in_place
3,0.07178,1.35986,-0.35889,jogging_in_place
3,-0.10791,3.40967,-0.65161,jogging_in_place
3,0.50537,0.45874,-0.30908,jogging_in_place
3,0.18213,-0.52759,-0.25977,jogging_in_place
3,0.22778,-0.26782,-0.05151,jogging_in_place
3,0.25366,4.25732,0.27539,jogging_in_place
3,-0.77515,1.55615,-0.10571,jogging_in_place
3,-0.44092,-0.33423,-0.32959,jogging_in_place
3,-0.27612,-0.6499,-0.15063,jogging_in_place
3,-0.01904,0.81055,-0.31226,jogging_in_place
3,0.13574,3.47119,-0.94824,jogging_in_place
3,0.42261,0.75684,-0.40234,jogging_in_place
3,0.06934,-0.45142,-0.25854,jogging_in_place
3,0.19873,-0.27197,-0.10962,jogging_in_place
3,0.43677,3.29395,-0.32813,jogging_in_place
3,-0.76099,1.92822,-0.06714,jogging_in_place
3,0.00171,0.37793,-0.18677,jogging_in_place
3,-0.21973,-0.61914,-0.10181,jogging_in_place
3,-0.04004,0.2998,-0.17456,jogging_in_place
3,0.62109,3.51563,-0.07397,jogging_in_place
3,0.22021,0.69116,-0.21948,jogging_in_place
3,-0.03442,-0.32935,-0.14844,jogging_in_place
3,0.12549,-0.26367,-0.11865,jogging_in_place
3,0.66455,3.97656,0.16016,jogging_in_place
3,-0.36792,1.71265,-0.40601,jogging_in_place
3,-0.69531,-0.46509,-0.17676,jogging_in_place
3,-0.39087,-0.72925,-0.07983,jogging_in_place
3,0.41138,1.23901,-0.16455,jogging_in_place
3,0.55396,3.35522,-0.30127,jogging_in_place
3,0.53589,0.68311,-0.29541,jogging_in_place
3,-0.00317,-0.50757,-0.06885,jogging_in_place
3,0.16309,-0.32251,-0.01416,jogging_in_place
3,0.5564,4.09863,-0.0415,jogging_in_place
3,-0.23267,1.68335,0.06519,jogging_in_place
3,-0.42334,-0.09644,-0.11523,jogging_in_place
3,-0.40015,-0.61768,-0.18823,jogging_in_place
3,0.06421,0.30664,-0.13257,jogging_in_place
3,0.37085,3.7063,-0.43579,jogging_in_place
3,0.49341,1.24243,-0.1853,jogging_in_place
3,0.08838,-0.21191,-0.13452,jogging_in_place
3,0.20264,-0.3772,-0.12817,jogging_in_place
3,0.61597,1.75391,-0.16064,jogging_in_place
3,-0.49805,2.88745,-0.59839,jogging_in_place
3,-0.00122,0.93262,-0.26709,jogging_in_place
3,-0.32666,-0.31787,-0.27344,jogging_in_place
3,-0.18799,-0.49072,0.06226,jogging_in_place
3,-0.08472,1.53491,-0.40234,jogging_in_place
3,-0.65698,3.44678,-0.35962,jogging_in_place
3,0.15137,-0.33838,-0.10059,jogging_in_place
3,0.28247,0.64404,-0.16919,jogging_in_place
3,-1.43872,3.6748,0.33008,jogging_in_place
3,-0.60767,0.96558,-0.10107,jogging_in_place
3,-0.24658,0.02051,0.07324,jogging_in_place
3,-0.08594,-0.24194,0.00488,jogging_in_place
3,-0.36353,-0.01196,0.05908,jogging_in_place
3,-2.03931,2.00903,-0.04834,jogging_in_place
3,-0.8103,0.85986,-0.30371,jogging_in_place
3,-0.50732,0.78613,0.13159,jogging_in_place
3,-0.63672,0.29248,0.15479,jogging_in_place
3,-1.18945,0.39258,0.1145,jogging_in_place
3,-1.06958,0.33594,0.06592,null
3,-0.98779,0.2876,0.15332,null
3,-0.97803,0.28662,0.0061,null
3,-1.01416,0.27563,0.08765,null
3,-0.97095,0.26025,0.09961,null
3,-0.875,0.26904,0.06909,null
3,-0.84692,0.2981,0.02979,null
3,-0.8894,0.35718,0.03711,null
3,-0.99365,0.36816,0.07446,null
3,-1.02466,0.3374,0.07495,null
3,-0.9292,0.34448,0.05981,null
3,-0.96851,0.46851,0.03418,null
3,-1.19604,0.57764,-0.00952,null
3,-0.92896,0.44043,0.12671,null
3,-0.63159,0.40674,0.22852,null
3,-0.40308,0.53784,0.46118,null
3,-0.96655,0.56421,-0.04028,null
3,-1.12378,0.52124,0.08765,null
3,-0.74097,0.52344,0.43677,null
3,-0.72729,0.43311,0.47583,null
3,-0.77271,0.59033,0.31665,null
3,-0.85889,0.41479,-0.0542,null
3,-0.89697,0.54785,0.00732,null
3,-1.07617,0.52002,0.26782,null
3,-1.30005,0.3291,0.03467,null
3,-0.98071,0.7168,0.11328,null
3,-0.76685,0.78101,0.16333,null
3,-0.65918,0.80688,0.07446,null
3,-0.53857,0.41528,-0.16772,null
3,-0.56641,0.40137,-0.40161,null
3,-0.61182,0.48755,-0.29907,null
3,-0.63306,0.7854,-0.54077,null
3,-0.59106,0.78101,-0.37842,null
3,-0.6814,0.56055,-0.10693,null
3,-0.62842,0.74829,-0.34668,null
3,-0.67114,0.69849,-0.28027,null
3,-0.62842,0.58545,-0.23853,null
3,-0.72827,0.65479,-0.28906,null
3,-0.7356,0.59277,-0.39746,null
3,-0.80469,0.60034,-0.50659,null
3,-0.75342,0.49707,-0.43481,null
3,-0.76221,0.50903,-0.48999,null
3,-0.76025,0.50854,-0.47192,null
3,-0.72412,0.48706,-0.51245,null
3,-0.72632,0.47363,-0.51709,null
3,-0.72559,0.48169,-0.53345,null
3,-0.73779,0.49561,-0.52783,null
3,-0.74146,0.52832,-0.52466,null
3,-0.68237,0.48315,-0.53638,null
3,-0.65845,0.53101,-0.52441,null
3,-0.69678,0.52515,-0.51904,null
3,-0.65918,0.51929,-0.5127,null
3,-0.67407,0.51343,-0.51709,null
3,-0.68945,0.51099,-0.5,null
3,-0.68872,0.51685,-0.50122,null
3,-0.67041,0.52979,-0.51099,null
3,-0.67188,0.55029,-0.49683,null
3,-0.67456,0.56396,-0.50659,null
3,-0.66406,0.54224,-0.51392,null
3,-0.69116,0.53345,-0.49561,null
3,-0.70654,0.54834,-0.49854,null
3,-0.65894,0.56396,-0.49121,null
3,-0.64819,0.58838,-0.49316,null
3,-0.66797,0.58008,-0.47314,null
3,-0.68311,0.60718,-0.46704,null
3,-0.67188,0.61841,-0.46509,null
3,-0.66064,0.5979,-0.43677,null
3,-0.6748,0.61401,-0.44922,null
3,-0.63721,0.65649,-0.43555,null
3,-0.59766,0.64502,-0.45215,null
3,-0.60229,0.6792,-0.49658,null
3,-0.58081,0.69653,-0.48755,null
3,-0.54053,0.66675,-0.46533,null
3,-0.58057,0.66553,-0.50146,null
3,-0.56934,0.70654,-0.49365,null
3,-0.59521,0.71558,-0.49536,null
3,-0.57324,0.66602,-0.48779,null
3,-0.60327,0.68506,-0.49805,null
3,-0.56641,0.67261,-0.49243,null
3,-0.55713,0.62939,-0.50366,null
3,-0.61475,0.63696,-0.48438,null
3,-0.62842,0.61475,-0.48584,null
3,-0.67505,0.58594,-0.48511,null
3,-0.61401,0.62085,-0.50049,null
3,-0.57056,0.60352,-0.49707,null
3,-0.63599,0.62158,-0.48413,null
3,-0.64478,0.63794,-0.50537,null
3,-0.62329,0.61646,-0.47705,null
3,-0.64014,0.62109,-0.49341,null
3,-0.65088,0.6272,-0.50684,null
3,-0.62866,0.60181,-0.50098,null
3,-0.64136,0.57861,-0.51172,null
3,-0.68164,0.54126,-0.5105,null
3,-0.68457,0.49951,-0.48413,null
3,-0.71875,0.49097,-0.5061,null
3,-0.73364,0.48022,-0.53516,null
3,-0.75684,0.44751,-0.48047,null
3,-0.75781,0.46118,-0.52075,null
3,-0.7793,0.43042,-0.48608,null
3,-0.76025,0.43555,-0.47778,null
3,-0.81689,0.45459,-0.45923,null
3,-0.79321,0.44116,-0.47339,null
3,-0.77808,0.43945,-0.48999,null
3,-0.8291,0.44995,-0.59033,null
3,-0.89575,0.42163,-0.46826,null
3,-0.77686,0.17651,-0.36304,null
3,-0.62134,0.22949,-0.60376,null
3,-0.82495,0.26294,-0.53027,null
3,-0.9021,0.27832,-0.52979,null
3,-0.76465,0.24805,-0.49146,null
3,-0.80591,0.25781,-0.51172,null
3,-0.85718,0.27344,-0.58813,null
3,-0.79224,0.27441,-0.5022,null
3,-0.78467,0.32153,-0.51123,null
3,-0.83228,0.33398,-0.49634,null
3,-0.80444,0.33325,-0.5105,null
3,-0.8291,0.33838,-0.53101,null
3,-0.83447,0.35327,-0.49829,null
3,-0.85376,0.31055,-0.5166,null
3,-0.86011,0.2771,-0.52246,null
3,-0.8645,0.25049,-0.45337,null
3,-0.90234,0.20483,-0.44897,null
3,-0.88721,0.20068,-0.40088,null
3,-0.89111,0.15186,-0.41333,null
3,-0.93799,0.11475,-0.32251,null
3,-0.88257,0.0647,-0.22168,null
3,-0.93652,0.08032,-0.22095,null
3,-0.95361,0.04004,-0.2002,null
3,-0.93701,0.06982,-0.18433,null
3,-0.94653,0.10205,-0.21069,null
3,-0.94824,0.13892,-0.28149,null
3,-0.94873,0.14771,-0.28467,null
3,-0.89063,0.21777,-0.28809,null
3,-0.91284,0.25562,-0.32617,null
3,-0.89063,0.2998,-0.38916,null
3,-0.86475,0.31738,-0.40088,null
3,-0.86475,0.33887,-0.45361,null
3,-0.84546,0.35059,-0.46655,null
3,-0.82788,0.35669,-0.48022,null
3,-0.88135,0.38721,-0.54736,null
3,-0.88135,0.31958,-0.65356,null
3,-0.74756,0.04785,-0.6731,null
3,-0.53931,0.06763,-0.198,null
3,-0.86011,0.56494,-0.48169,null
3,-0.84937,1.03931,-0.21606,null
3,-0.50293,0.60571,0.38354,jumping_jacks
3,-0.32959,0.08545,0.32593,jumping_jacks
3,-0.61572,0.28784,-1.58643,jumping_jacks
3,-3.94189,1.74756,-1.06201,jumping_jacks
3,-1.29517,1.33374,-0.12646,jumping_jacks
3,-0.94141,0.83813,0.42212,jumping_jacks
3,-1.79443,1.04077,0.61865,jumping_jacks
3,-1.89648,0.23706,0.48779,jumping_jacks
3,-0.82227,-2.47144,0.14429,jumping_jacks
3,1.11182,-3.28857,0.41626,jumping_jacks
3,-0.74243,-0.86523,0.4519,jumping_jacks
3,-3.34888,1.46191,1.03369,jumping_jacks
3,-2.75708,2.02075,0.4751,jumping_jacks
3,-1.76099,2.02856,-0.42847,jumping_jacks
3,-1.21606,2.87842,-3.58179,jumping_jacks
3,-4.21069,2.30566,-2.9707,jumping_jacks
3,-2.48438,1.4668,-0.99756,jumping_jacks
3,-1.4436,1.20972,0.05273,jumping_jacks
3,-1.92188,1.13989,0.55151,jumping_jacks
3,-1.90063,1.14722,0.35693,jumping_jacks
3,-1.97217,-1.59155,0.73047,jumping_jacks
3,0.79443,-5.15894,1.27246,jumping_jacks
3,-1.31055,0.22314,0.88013,jumping_jacks
3,-2.18433,1.62402,0.60254,jumping_jacks
3,-2.13647,1.84009,0.9314,jumping_jacks
3,-2.59644,2.3623,-0.00049,jumping_jacks
3,-2.24365,4.74121,-2.28809,jumping_jacks
3,-2.80737,3.70801,-1.42383,jumping_jacks
3,-1.58325,2.38354,0.04565,jumping_jacks
3,-1.68408,1.62671,0.70288,jumping_jacks
3,-2.34229,1.57935,1.03003,jumping_jacks
3,-2.6814,1.24219,0.85181,jumping_jacks
3,-1.40991,-3.38989,0.83594,jumping_jacks
3,-0.04199,-4.00073,1.23804,jumping_jacks
3,-2.66357,0.51221,0.86621,jumping_jacks
3,-2.74927,1.88696,0.63818,jumping_jacks
3,-2.49365,1.7627,-0.05249,jumping_jacks
3,-2.39819,3.36182,-2.20874,jumping_jacks
3,-2.9895,3.5874,-2.61719,jumping_jacks
3,-2.42236,2.14624,-0.90723,jumping_jacks
3,-1.9624,1.53784,-0.22388,jumping_jacks
3,-2.40527,1.21704,0.73853,jumping_jacks
3,-2.4978,1.32788,0.95825,jumping_jacks
3,-2.58374,-0.8999,0.53442,jumping_jacks
3,0.15967,-6.47656,0.7832,jumping_jacks
3,-2.2749,-0.25806,0.81689,jumping_jacks
3,-3.03125,1.45288,0.75928,jumping_jacks
3,-2.79663,2.10034,0.66699,jumping_jacks
3,-2.38623,1.79785,0.2937,jumping_jacks
3,-1.98975,4.87451,-2.74951,jumping_jacks
3,-2.71631,3.42163,-1.68555,jumping_jacks
3,-1.84741,2.2832,-0.01172,jumping_jacks
3,-1.97729,1.7229,0.31421,jumping_jacks
3,-2.49219,1.19775,0.92944,jumping_jacks
3,-2.23535,1.23853,0.91357,jumping_jacks
3,-2.15674,-2.52759,0.87476,jumping_jacks
3,-0.34399,-5.68921,0.9126,jumping_jacks
3,-3.18018,1.80518,0.49927,jumping_jacks
3,-2.4751,1.84448,-0.41138,jumping_jacks
3,-1.47266,2.55933,-3.29614,jumping_jacks
3,-3.72632,1.88159,-3.09082,jumping_jacks
3,-3.13892,1.64453,-1.10596,jumping_jacks
3,-1.8064,1.229,-0.40479,jumping_jacks
3,-1.96167,1.12744,0.25903,jumping_jacks
3,-2.12671,1.25464,0.66626,jumping_jacks
3,-1.9729,0.67822,0.52197,jumping_jacks
3,-0.53052,-6.15088,0.71826,jumping_jacks
3,-1.53296,-1.53223,0.9624,jumping_jacks
3,-3.47876,2.5332,1.16602,jumping_jacks
3,-2.64209,2.25806,0.86914,jumping_jacks
3,-2.70801,2.13037,-0.59692,jumping_jacks
3,-2.15894,3.0083,-3.10474,jumping_jacks
3,-3.62549,2.3291,-1.98389,jumping_jacks
3,-2.55664,1.62964,-0.84229,jumping_jacks
3,-1.58252,1.48218,0.04541,jumping_jacks
3,-2.46313,1.09912,0.47852,jumping_jacks
3,-2.54639,1.10425,0.40918,jumping_jacks
3,-2.57861,-0.35986,1.24609,jumping_jacks
3,0.54272,-5.0271,2.51685,jumping_jacks
3,-1.1416,-1.48364,1.42554,jumping_jacks
3,-3.65698,0.92847,-0.19116,jumping_jacks
3,-3.07764,1.87402,0.29907,jumping_jacks
3,-2.44897,1.72778,0.08105,jumping_jacks
3,-1.56616,3.05347,-2.49219,jumping_jacks
3,-3.33008,1.93018,-3.48022,jumping_jacks
3,-2.91406,1.42896,-1.2854,jumping_jacks
3,-1.58325,1.34717,-0.57007,jumping_jacks
3,-2.04468,1.19263,0.17896,jumping_jacks
3,-2.10303,1.10718,0.23828,jumping_jacks
3,-2.47607,0.90356,0.30737,jumping_jacks
3,-0.21484,-5.51782,1.79199,jumping_jacks
3,-1.14502,-0.79028,0.63208,jumping_jacks
3,-3.8938,1.96484,1.06299,jumping_jacks
3,-3.45435,2.84668,-0.17627,jumping_jacks
3,-2.02271,1.56323,-0.64502,jumping_jacks
3,-0.80981,2.36572,-2.9563,jumping_jacks
3,-3.22485,2.47949,-2.06738,jumping_jacks
3,-3.0708,1.56226,-0.84302,jumping_jacks
3,-1.58838,1.65186,-0.56763,jumping_jacks
3,-2.11206,1.23584,0.39771,jumping_jacks
3,-2.48145,1.03687,0.396,jumping_jacks
3,-2.07935,0.55127,0.83984,jumping_jacks
3,0.90771,-5.07617,2.0647,jumping_jacks
3,-1.22339,-2.1062,1.15918,jumping_jacks
3,-3.44116,1.06396,0.75586,jumping_jacks
3,-3.08789,1.94873,0.68164,jumping_jacks
3,-2.39478,1.66187,0.05884,jumping_jacks
3,-1.6228,2.98022,-2.04028,jumping_jacks
3,-2.83374,3.8208,-2.31396,jumping_jacks
3,-2.51831,2.42871,-0.74048,jumping_jacks
3,-1.39502,1.60767,-0.30249,jumping_jacks
3,-2.07056,1.28711,0.49585,jumping_jacks
3,-2.42212,1.14307,0.53784,jumping_jacks
3,-2.29712,0.48462,0.47827,jumping_jacks
3,0.07031,-5.33765,1.4187,jumping_jacks
3,-4.10645,1.78809,0.85791,jumping_jacks
3,-2.40332,1.89087,0.32373,jumping_jacks
3,-1.9917,2.42334,-0.87524,jumping_jacks
3,-1.71484,4.48804,-3.41406,jumping_jacks
3,-3.46558,2.5957,-0.74487,jumping_jacks
3,-1.73804,1.91284,-0.39087,jumping_jacks
3,-1.55176,1.34521,0.46387,jumping_jacks
3,-2.20459,1.22705,0.74561,jumping_jacks
3,-2.48633,1.69312,0.73975,jumping_jacks
3,-1.92798,-3.31372,1.93213,jumping_jacks
3,-0.32544,-4.60645,1.32959,jumping_jacks
3,-2.56152,0.98511,0.68652,jumping_jacks
3,-2.39697,2.45996,0.5061,jumping_jacks
3,-2.31152,1.75366,0.65576,jumping_jacks
3,-1.37354,3.0354,-0.39111,jumping_jacks
3,-1.81665,5.52148,-1.59302,jumping_jacks
3,-2.92651,3.12158,-0.49414,jumping_jacks
3,-1.40381,1.85986,0.34839,jumping_jacks
3,-1.88647,1.59912,1.14526,jumping_jacks
3,-2.15747,1.1084,1.07153,jumping_jacks
3,-2.04932,0.8186,0.64136,jumping_jacks
3,-1.70825,-3.45117,-0.36304,jumping_jacks
3,-0.79614,-4.70361,-0.3938,jumping_jacks
3,-3.11865,1.26709,0.8999,jumping_jacks
3,-4.06226,1.36865,1.14478,jumping_jacks
3,-3.10205,1.80273,0.43115,jumping_jacks
3,-1.93726,2.5188,-1.37646,jumping_jacks
3,-2.40869,4.11377,-3.48608,jumping_jacks
3,-3.83691,1.65479,-1.02563,jumping_jacks
3,-1.73877,1.4812,-0.39746,jumping_jacks
3,-2.03394,1.21484,0.60425,jumping_jacks
3,-2.0188,1.12134,0.47192,jumping_jacks
3,-2.00024,-0.12158,0.82349,jumping_jacks
3,0.84253,-6.2688,0.97339,jumping_jacks
3,-1.64258,-1.68872,0.98657,jumping_jacks
3,-3.8584,1.57446,1.24023,jumping_jacks
3,-3.05566,1.73242,0.92749,jumping_jacks
3,-2.88794,1.9895,0.2373,jumping_jacks
3,-1.72559,4.32202,-2.17017,jumping_jacks
3,-3.15894,4.27808,-1.97827,jumping_jacks
3,-2.2688,1.8335,-0.33838,jumping_jacks
3,-1.58496,1.68823,0.36548,jumping_jacks
3,-2.37085,1.37524,0.92676,jumping_jacks
3,-2.14209,1.23682,0.95313,jumping_jacks
3,-2.22607,-0.05981,0.73633,jumping_jacks
3,0.50146,-6.3728,1.07202,jumping_jacks
3,-1.88501,-1.48584,0.72827,jumping_jacks
3,-3.46362,1.60596,0.97583,jumping_jacks
3,-2.88696,2.36035,1.05859,jumping_jacks
3,-2.04419,1.43677,0.33423,jumping_jacks
3,-1.50171,3.87231,-2.31152,jumping_jacks
3,-3.08984,4.0127,-2.0144,jumping_jacks
3,-2.78687,2.57764,-0.22363,jumping_jacks
3,-1.64673,1.73511,0.27832,jumping_jacks
3,-2.34717,1.15088,0.95044,jumping_jacks
3,-2.11353,1.05591,0.77881,jumping_jacks
3,-2.34644,-0.29541,0.87012,jumping_jacks
3,-0.12793,-5.60352,1.00464,jumping_jacks
3,-0.74585,-2.13208,0.78027,jumping_jacks
3,-3.74756,1.53149,1.04907,jumping_jacks
3,-2.19312,1.78125,-0.09668,jumping_jacks
3,-2.29761,3.76758,-3.07349,jumping_jacks
3,-3.25269,3.27661,-0.79565,jumping_jacks
3,-1.68701,1.97876,-0.09277,jumping_jacks
3,-1.62744,1.29907,0.50024,jumping_jacks
3,-2.37451,1.22949,0.67871,jumping_jacks
3,-2.28784,0.92822,0.50562,jumping_jacks
3,-1.88037,-1.76904,0.92261,jumping_jacks
3,-0.03979,-5.51294,1.62891,jumping_jacks
3,-1.7832,-0.13354,0.56519,jumping_jacks
3,-2.74829,1.79565,0.79956,jumping_jacks
3,-2.21924,1.65454,0.63892,jumping_jacks
3,-2.15674,1.17383,0.52588,jumping_jacks
3,-2.64795,4.23169,-2.78296,jumping_jacks
3,-3.33691,3.31934,-2.53687,jumping_jacks
3,-2.13843,2.11377,-0.4292,jumping_jacks
3,-1.63379,1.52661,0.15723,jumping_jacks
3,-2.18091,1.22168,0.67749,jumping_jacks
3,-1.79004,1.22095,0.9563,jumping_jacks
3,-2.21655,0.53711,0.64453,jumping_jacks
3,0.35962,-5.77197,0.56567,jumping_jacks
3,-1.3562,-2.14917,0.33691,jumping_jacks
3,-2.44678,2.27686,0.45801,jumping_jacks
3,-1.85547,1.8689,0.53198,jumping_jacks
3,-1.62329,2.53174,-0.90894,jumping_jacks
3,-2.88208,4.36865,-2.35376,jumping_jacks
3,-3.04663,2.61743,-1.68652,jumping_jacks
3,-1.5061,1.70264,-0.62964,jumping_jacks
3,-1.90381,1.60352,0.49365,jumping_jacks
3,-2.13818,1.67334,0.85059,jumping_jacks
3,-1.88013,0.91577,0.73364,jumping_jacks
3,-1.25757,-3.44067,1.61353,jumping_jacks
3,-0.07007,-3.98145,0.8689,jumping_jacks
3,-2.49756,0.40283,0.23022,jumping_jacks
3,-2.84619,1.83887,0.4436,jumping_jacks
3,-1.9502,1.86377,0.71875,jumping_jacks
3,-1.5061,1.77466,0.25244,jumping_jacks
3,-2.01099,4.81763,-1.9895,jumping_jacks
3,-3.37573,3.51221,-1.70239,jumping_jacks
3,-1.8938,1.78394,-0.20459,jumping_jacks
3,-1.13477,1.75928,0.43213,jumping_jacks
3,-2.02441,1.45996,0.93457,jumping_jacks
3,-1.86108,0.99243,1.14893,jumping_jacks
3,-1.71411,0.01025,0.48193,jumping_jacks
3,1.07397,-4.42114,0.40259,jumping_jacks
3,-1.02881,-2.80151,0.18066,jumping_jacks
3,-3.40063,0.87012,0.48462,jumping_jacks
3,-2.49463,2.09644,1.12598,jumping_jacks
3,-2.22559,1.58765,0.74683,jumping_jacks
3,-2.2312,2.94775,-1.56152,jumping_jacks
3,-3.64844,2.88501,-3.83057,jumping_jacks
3,-3.37036,1.45459,-1.31982,jumping_jacks
3,-1.58398,1.44653,-0.25171,jumping_jacks
3,-1.82324,1.28809,0.29712,jumping_jacks
3,-2.19238,1.23022,0.46216,jumping_jacks
3,-0.96484,-3.28711,1.75342,jumping_jacks
3,-1.95923,-0.979,1.28491,jumping_jacks
3,-4.25366,2.09937,0.54004,jumping_jacks
3,-3.5415,2.56177,-0.01563,jumping_jacks
3,-2.58936,1.50415,-1.97314,jumping_jacks
3,-1.28784,1.10083,-3.87524,jumping_jacks
3,-3.7771,2.34985,-1.63135,jumping_jacks
3,-3.10352,1.24805,-0.73828,jumping_jacks
3,-1.4563,1.61768,-0.08936,jumping_jacks
3,-1.57031,1.08179,0.15918,jumping_jacks
3,-1.73706,1.06006,0.31299,jumping_jacks
3,-1.85767,0.69458,0.48584,jumping_jacks
3,-0.59351,-4.11108,1.79712,jumping_jacks
3,-0.83105,-2.50415,1.74756,jumping_jacks
3,-2.91431,1.66138,0.948,jumping_jacks
3,-3.92529,2.97363,0.2207,jumping_jacks
3,-2.37964,1.63257,-1.02393,jumping_jacks
3,-1.5459,1.36743,-3.39038,jumping_jacks
3,-3.19873,1.62085,-2.70679,jumping_jacks
3,-3.2981,2.41455,-0.74609,jumping_jacks
3,-1.23755,1.80103,-0.44409,jumping_jacks
3,-1.37012,1.25049,0.05249,jumping_jacks
3,-1.66016,1.18628,0.23511,jumping_jacks
3,-1.78491,1.33496,0.55103,jumping_jacks
3,-0.19312,-4.85596,0.55176,jumping_jacks
3,-0.74121,-2.04126,0.69067,jumping_jacks
3,-2.56299,1.32739,0.56445,jumping_jacks
3,-3.10962,2.41602,0.8728,jumping_jacks
3,-2.33325,2.41772,0.64795,jumping_jacks
3,-1.33667,3.19434,-1.3728,jumping_jacks
3,-2.64453,4.6416,-2.52075,jumping_jacks
3,-3.53906,2.5166,-0.41577,jumping_jacks
3,-1.48853,1.69507,0.0791,jumping_jacks
3,-1.68677,1.26294,0.48682,jumping_jacks
3,-2.1604,1.20679,0.7666,jumping_jacks
3,-1.81665,0.54907,0.4436,jumping_jacks
3,-0.78564,-3.44678,0.36572,jumping_jacks
3,-0.5542,-3.75464,0.23828,jumping_jacks
3,-2.58813,0.49194,0.75903,jumping_jacks
3,-3.44531,1.95313,0.87646,jumping_jacks
3,-2.63281,1.81616,0.66992,jumping_jacks
3,-1.71924,2.14307,-0.64014,jumping_jacks
3,-2.90698,3.18384,-2.88452,jumping_jacks
3,-3.65503,2.51855,-1.52661,jumping_jacks
3,-1.72363,1.76978,-0.66309,jumping_jacks
3,-1.87793,1.26587,0.3269,jumping_jacks
3,-2.48999,1.31665,0.56641,jumping_jacks
3,-2.38721,0.95459,0.521,jumping_jacks
3,-1.75391,-2.32007,1.6543,jumping_jacks
3,0.10254,-4.46191,1.22388,jumping_jacks
3,-1.44312,-0.50317,0.64331,jumping_jacks
3,-3.78979,2.61597,0.93701,jumping_jacks
3,-1.3291,2.10864,-1.39844,jumping_jacks
3,-2.67188,2.64404,-2.95142,jumping_jacks
3,-3.71411,2.43896,-0.57422,jumping_jacks
3,-1.73682,1.80933,-0.19312,jumping_jacks
3,-1.77856,1.57178,0.5459,jumping_jacks
3,-2.39111,1.22388,0.66333,jumping_jacks
3,-2.39185,1.0813,0.52368,jumping_jacks
3,-2.29321,-1.26636,0.65015,jumping_jacks
3,0.02271,-5.91553,1.05688,jumping_jacks
3,-1.65771,-1.18896,0.86523,jumping_jacks
3,-3.78369,1.9187,1.23608,jumping_jacks
3,-3.05273,2.7771,1.15479,jumping_jacks
3,-2.0752,1.75659,-0.30615,jumping_jacks
3,-1.53125,3.4856,-2.43237,jumping_jacks
3,-3.27588,4.03174,-1.56421,jumping_jacks
3,-2.82935,2.39404,-0.33374,jumping_jacks
3,-1.50879,1.59741,0.71289,jumping_jacks
3,-2.34302,1.3252,1.11841,jumping_jacks
3,-2.37476,0.89844,0.70166,jumping_jacks
3,-1.76172,-3.60962,0.60229,jumping_jacks
3,-0.30493,-4.31445,0.72046,jumping_jacks
3,-2.21753,0.01001,0.48291,jumping_jacks
3,-3.68066,2.45801,0.84888,jumping_jacks
3,-2.82886,2.2478,0.87085,jumping_jacks
3,-1.63525,2.32422,-0.4856,jumping_jacks
3,-1.84424,3.94897,-2.92212,jumping_jacks
3,-3.5376,1.88721,-0.42773,jumping_jacks
3,-1.57886,1.31104,-0.11768,jumping_jacks
3,-1.73999,1.52173,0.65454,jumping_jacks
3,-2.17114,1.4458,0.82837,jumping_jacks
3,-2.1377,0.63232,0.80151,jumping_jacks
3,-1.15063,-4.00195,1.59717,jumping_jacks
3,-0.50244,-3.76099,0.8894,jumping_jacks
3,-2.98193,1.17725,0.51416,jumping_jacks
3,-3.04834,2.34961,0.65649,jumping_jacks
3,-2.12793,1.5791,0.72559,jumping_jacks
3,-1.48267,2.01636,-0.68994,jumping_jacks
3,-3.17969,3.56689,-3.58594,jumping_jacks
3,-3.84668,2.00732,-0.99707,jumping_jacks
3,-1.44873,1.91089,-0.44727,jumping_jacks
3,-2.23291,1.32837,0.24536,jumping_jacks
3,-2.4043,1.29077,0.35889,jumping_jacks
3,-2.42749,1.17383,0.5957,jumping_jacks
3,-1.83984,-1.66724,1.67773,jumping_jacks
3,0.12915,-4.89478,2.4375,jumping_jacks
3,-1.49561,-0.48486,0.78564,jumping_jacks
3,-3.63818,2.2688,0.42407,jumping_jacks
3,-2.69067,2.32178,0.38745,jumping_jacks
3,-2.15186,1.39624,-0.46704,jumping_jacks
3,-2.38892,2.99536,-3.03809,jumping_jacks
3,-3.36646,3.25293,-2.33569,jumping_jacks
3,-2.41406,1.58276,-0.68896,jumping_jacks
3,-1.31055,1.16699,-0.27686,jumping_jacks
3,-1.90698,1.28052,0.44751,jumping_jacks
3,-1.62524,0.6853,0.61426,jumping_jacks
3,0.7832,-5.13281,1.78687,jumping_jacks
3,-1.44727,-2.03247,0.54004,jumping_jacks
3,-3.22437,1.18286,0.42871,jumping_jacks
3,-2.36157,2.40186,1.68042,jumping_jacks
3,-2.02368,1.29199,0.91528,jumping_jacks
3,-1.70483,3.2063,-1.58643,jumping_jacks
3,-4.29517,3.01831,-3.00732,jumping_jacks
3,-2.72168,2.44629,-0.29297,jumping_jacks
3,-1.25073,1.83398,0.3916,jumping_jacks
3,-2.0874,1.46753,0.83545,jumping_jacks
3,-2.13525,1.34937,1.1123,jumping_jacks
3,-2.28345,1.18335,0.71826,jumping_jacks
3,-1.12183,-5.01147,0.83569,jumping_jacks
3,-0.60034,-3.6731,0.57227,jumping_jacks
3,-2.56885,0.6106,0.13281,jumping_jacks
3,-2.4314,1.87573,0.64185,jumping_jacks
3,-1.78711,1.42871,0.68335,jumping_jacks
3,-1.25781,1.39209,-0.0271,jumping_jacks
3,-2.2561,2.26782,-0.62256,jumping_jacks
3,-3.45532,1.75586,-3.22974,jumping_jacks
3,-1.51416,1.00488,-0.01587,jumping_jacks
3,0.02832,0.49072,0.5415,jumping_jacks
3,-0.1709,0.15454,0.15161,null
3,-1.86011,0.10083,0.37085,null
3,-0.18823,0.48047,0.23389,null
3,-0.55396,0.5874,0.18164,null
3,-0.73096,0.38379,-0.2937,null
3,-1.17749,-0.00317,-0.24268,null
3,-1.38135,0.43262,-0.50146,null
3,-1.00684,0.46045,-0.47729,null
3,-0.85327,0.57861,-0.2373,null
3,-1.01685,0.36011,-0.12622,null
3,-1.03223,0.36694,-0.05737,null
3,-0.99121,0.39014,0.00586,null
3,-0.89575,0.39355,0.00293,null
3,-0.82056,0.33838,-0.01416,null
3,-0.81812,0.32446,-0.02563,null
3,-0.88135,0.38477,-0.09375,null
3,-0.95581,0.42896,-0.18066,null
3,-1.00415,0.39038,-0.19727,null
3,-0.99585,0.38965,-0.21704,null
3,-0.94165,0.43359,-0.21069,null
3,-0.94312,0.43945,-0.18066,null
3,-0.99487,0.38965,-0.11768,null
3,-0.98218,0.35718,-0.06128,null
3,-0.9126,0.37427,-0.06201,null
3,-0.85278,0.36377,-0.05322,null
3,-0.84521,0.33423,-0.0498,null
3,-0.9165,0.35474,-0.05396,null
3,-0.93506,0.3667,-0.04224,null
3,-0.91357,0.42358,-0.07617,null
3,-0.90674,0.42603,-0.07349,null
3,-1.02759,0.39136,-0.052,null
3,-0.9519,0.39453,-0.04077,null
3,-0.94946,0.41162,-0.02344,null
3,-0.948,0.34863,0.01807,null
3,-0.90186,0.35864,0.02075,null
3,-0.87305,0.37549,-0.00122,null
3,-0.90137,0.37646,-0.00635,null
3,-0.91821,0.41138,-0.02148,null
3,-0.95166,0.44678,-0.03394,null
3,-0.94702,0.42896,-0.02661,null
3,-0.92017,0.42896,-0.02686,null
3,-0.96045,0.41699,-0.03198,null
3,-0.88623,0.39795,-0.0271,null
3,-0.89063,0.38599,-0.03418,null
3,-0.89941,0.36816,-0.01978,null
3,-0.92896,0.41138,-0.03149,null
3,-0.92505,0.39014,-0.02881,null
3,-0.92432,0.38623,-0.01807,null
3,-0.91919,0.4104,-0.03613,null
3,-0.93555,0.37744,-0.04004,null
3,-0.90015,0.36865,-0.01563,null
3,-0.93848,0.41479,0.00903,null
3,-0.96362,0.43335,0.0376,null
3,-0.95215,0.43091,-0.03613,null
3,-0.90405,0.38818,-0.04004,null
3,-0.87646,0.38623,-0.03296,null
3,-0.91992,0.41895,-0.01563,null
3,-0.927,0.45044,-0.02783,null
3,-0.93286,0.43042,-0.05518,null
3,-0.93018,0.38745,0.01147,null
3,-0.90454,0.40869,0.00269,null
3,-0.92188,0.38184,-0.00415,null
3,-0.93604,0.38257,-0.02222,null
3,-0.93262,0.39429,-0.04248,null
3,-0.92383,0.41846,-0.06592,null
3,-0.95679,0.42017,-0.07837,null
3,-0.95801,0.39941,-0.0481,null
3,-0.92212,0.42163,-0.05054,null
3,-0.92969,0.40308,-0.06421,null
3,-0.90991,0.38867,-0.08276,null
3,-0.91895,0.38574,-0.08691,null
3,-0.90576,0.39526,-0.1084,null
3,-0.92725,0.3999,-0.14722,null
3,-0.95239,0.35889,-0.13672,null
3,-0.95361,0.37939,-0.18872,null
3,-1.14795,0.30688,-0.29199,null
3,-1.11646,0.33276,-0.08301,null
3,-0.61182,0.41724,-0.01221,null
3,-0.57666,0.49707,0.04858,null
3,-0.69214,0.64038,0.04614,null
3,-0.73071,0.62622,0.11182,null
3,-0.76001,0.56885,0.23291,null
3,-0.85425,0.65112,-0.05981,null
3,-1.21777,0.13013,-0.08521,null
3,-0.88452,0.78882,0.2937,null
3,-0.67334,0.479,0.33765,null
3,-0.85303,0.40381,0.13208,null
3,-0.98022,0.19629,-0.17896,null
3,-1.15552,0.44189,-0.19312,null
3,-0.9248,0.40552,-0.07324,null
3,-0.89575,0.45703,-0.00439,null
3,-0.91309,0.25269,-0.03198,null
3,-0.98145,0.37646,-0.12085,null
3,-0.96606,0.48633,-0.16943,null
3,-0.92944,0.39844,-0.16064,null
3,-0.9021,0.24292,-0.24194,null
3,-0.84497,0.25146,-0.3335,null
3,-0.84155,0.44751,-0.22852,null
3,-0.92236,0.44458,-0.17603,null
3,-0.96069,0.37012,-0.16943,null
3,-0.88574,0.37085,-0.19531,null
3,-0.94775,0.41235,-0.23779,null
3,-1.04858,0.32202,-0.18286,null
3,-0.93677,0.27686,-0.08569,null
3,-0.8894,0.38696,-0.07715,null
3,-0.87085,0.39624,-0.0979,null
3,-0.94312,0.30664,-0.05859,null
3,-0.88574,0.3479,-0.03711,null
3,-0.94751,0.37109,-0.02417,null
3,-0.86841,0.38379,-0.03149,null
3,-0.89795,0.36938,-0.00513,null
3,-0.91772,0.40601,0.00269,null
3,-0.94604,0.44727,-0.03589,null
3,-1.04688,0.37451,-0.00366,null
3,-0.97339,0.37549,0.0061,null
3,-0.8999,0.40454,0.00757,null
3,-0.89233,0.38867,0.0354,null
3,-0.91772,0.4021,0.05664,null
3,-0.95972,0.43848,0.05005,null
3,-0.94556,0.43311,0.03638,null
3,-0.97461,0.427,0.02002,null
3,-0.92212,0.43506,-0.00684,null
3,-0.90259,0.43384,-0.00537,null
3,-0.88159,0.44385,0.00269,null
3,-0.90576,0.45459,0.03418,null
3,-0.89307,0.47485,0.00977,null
3,-0.86963,0.45361,-0.02539,null
3,-0.89722,0.43848,-0.08252,null
3,-0.94287,0.40674,-0.11792,null
3,-0.94897,0.37305,-0.15869,null
3,-0.93579,0.23853,-0.14819,null
3,-0.93604,0.36816,-0.14575,null
3,-0.96948,0.33057,-0.11792,null
3,-0.9707,0.32861,-0.16211,null
3,-0.96875,0.33472,-0.23267,null
3,-0.87036,0.3103,-0.26367,null
3,-0.85425,0.34106,-0.26929,null
3,-0.84521,0.40625,-0.24072,null
3,-0.85962,0.41846,-0.2168,null
3,-0.93164,0.38721,-0.22974,null
3,-1.01416,0.31812,-0.21704,null
3,-0.93164,0.25537,-0.13501,null
3,-0.91284,0.37061,-0.09741,null
3,-0.93457,0.39624,-0.09399,null
3,-0.96118,0.40552,-0.07666,null
3,-0.97388,0.43091,-0.08398,null
3,-0.89966,0.42334,-0.07422,null
3,-0.86548,0.42822,-0.0625,null
3,-0.87524,0.44946,-0.03784,null
3,-0.90088,0.48462,-0.04639,null
3,-0.89819,0.47461,-0.06934,null
3,-0.94385,0.42529,-0.06543,null
3,-0.9939,0.40063,-0.04492,null
3,-0.94702,0.40381,-0.02246,null
3,-0.8916,0.38794,-0.0105,null
3,-0.88672,0.38086,-0.00635,null
3,-0.90894,0.4104,0.01563,null
3,-0.92529,0.44702,0.01343,null
3,-0.92212,0.44556,0.00342,null
3,-0.91064,0.44995,-0.00781,null
3,-0.91431,0.46191,-0.01294,null
3,-0.93335,0.4585,-0.01318,null
3,-0.91968,0.44287,-0.00415,null
3,-0.91577,0.42163,0.00977,null
3,-0.89917,0.41577,0.0166,null
3,-0.91333,0.41504,0.02051,null
3,-0.92822,0.41992,0.01123,null
3,-0.92334,0.42554,-0.01367,null
3,-0.95044,0.42017,-0.00244,null
3,-0.98633,0.44653,0.01514,null
3,-0.84595,0.43896,-0.04492,null
3,-0.97168,0.38989,-0.07764,null
3,-0.95313,0.32275,-0.0686,null
3,-0.94653,0.37769,-0.0957,null
3,-0.90723,0.30249,-0.12524,null
3,-0.84546,0.31567,-0.16699,null
3,-0.88403,0.35815,-0.2146,null
3,-0.90479,0.40918,-0.24219,null
3,-0.89038,0.427,-0.21436,null
3,-0.87939,0.39502,-0.13574,null
3,-0.88477,0.37817,-0.14233,null
3,-0.94507,0.37891,-0.20703,null
3,-0.93359,0.30054,-0.21875,null
3,-0.90234,0.3501,-0.21729,null
3,-0.91528,0.36768,-0.21387,null
3,-0.93262,0.35254,-0.19043,null
3,-0.94287,0.30493,-0.19946,null
3,-0.93848,0.32422,-0.18555,null
3,-0.92676,0.34058,-0.21289,null
3,-0.91821,0.31494,-0.21411,null
3,-0.9165,0.34277,-0.19409,null
3,-0.91113,0.31763,-0.15674,null
3,-0.88037,0.31152,-0.1792,null
3,-0.88477,0.33765,-0.19507,null
3,-0.96411,0.37207,-0.19995,null
3,-1.00049,0.33667,-0.19995,null
3,-0.96655,0.32666,-0.14014,null
3,-0.9375,0.35181,-0.09033,null
3,-0.8855,0.33887,-0.05298,null
3,-0.93066,0.37476,-0.02026,null
3,-0.92261,0.40088,0.01123,null
3,-0.88281,0.46655,-0.00317,null
3,-0.8855,0.49023,-0.01538,null
3,-0.92065,0.48511,-0.02246,null
3,-0.97559,0.48657,-0.0105,null
3,-0.9502,0.45752,-0.00928,null
3,-0.96362,0.40576,-0.00928,null
3,-0.97559,0.35791,-0.00146,null
3,-0.91504,0.34521,-0.00366,null
3,-0.85156,0.33887,0.01001,null
3,-0.90234,0.36206,0.05566,null
3,-1.01392,0.52808,0.1355,null
3,-1.03345,0.69507,0.15112,null
3,-0.86548,0.62231,0.27466,null
3,-0.72607,0.37305,0.02881,null
3,-0.94312,0.29932,-0.00806,null
3,-0.96729,0.44678,0.10547,null
3,-0.99243,0.2334,-0.01123,null
3,-1.00439,0.28394,0.00391,null
3,-1.08984,0.69287,-0.0188,null
3,-0.70923,0.58203,0.01343,null
3,-0.65942,0.37573,0.02051,null
3,-0.59375,0.14819,-0.11279,null
3,-0.47754,0.38159,-0.00732,null
3,-0.53955,0.15576,0.01392,null
3,-0.63403,0.30859,-0.20923,null
3,-0.84521,1.45337,-0.74243,null
3,-2.18994,3.95288,-0.29468,null
3,-2.91187,3.5498,-0.40356,null
3,-1.60596,1.89331,-0.14917,null
3,0.67749,0.79663,0.37012,null
3,0.45923,0.20142,0.65747,null
3,-0.52271,1.16577,1.38354,null
3,-1.71021,-0.1665,0.57227,null
3,-2.00732,-1.5979,-0.69458,null
3,-1.3208,-0.35327,0.47729,null
3,-0.38599,-0.24438,1.38379,null
3,-1.37231,1.69165,1.13721,null
3,-3.42261,5.92993,-0.91724,null
3,-1.95996,2.52441,-2.19873,null
3,-0.8667,2.26245,-2.31982,null
3,-1.5835,3.6084,-1.72803,null
3,-1.65454,3.48267,-0.68579,null
3,-0.65601,1.29541,0.27686,null
3,-0.18652,0.39282,0.75195,null
3,-1.26685,1.07178,0.46387,null
3,-1.71875,-0.99902,1.07202,null
3,-1.47217,-1.4082,0.34424,null
3,-0.46387,-0.56812,0.92896,null
3,-0.10889,0.4668,1.29883,null
3,-0.67212,0.36475,0.55273,null
3,-4.61768,5.45166,-0.71313,null
3,-2.2395,2.24463,-2.50317,null
3,-0.66333,2.12329,-2.38208,null
3,-2.01831,3.68921,-1.9895,null
3,-2.2312,3.06079,-0.87866,null
3,-0.57813,0.8269,-0.05298,null
3,-1.24854,1.79346,1.23853,null
3,-2.25928,-0.75757,0.9231,null
3,-1.39429,-1.49341,0.89355,null
3,-0.60083,-0.00391,1.3479,null
3,-0.02515,0.45337,1.00684,null
3,-0.98291,1.80542,0.07715,null
3,-3.66724,4.60571,-1.09204,null
3,-2.35059,1.96265,-2.61084,null
3,-1.43433,1.02246,-2.87866,null
3,-2.44604,3.07617,-2.49658,null
3,-2.05103,2.98389,-0.92041,null
3,-0.51831,1.50415,0.3186,null
3,-0.16602,-0.75488,0.51099,null
3,-1.76587,0.69043,1.27856,null
3,-1.42212,-0.58643,0.96021,null
3,-0.52832,-0.79077,0.57031,null
3,0.01831,0.15918,0.25024,null
3,0.1394,0.15283,-0.03833,null
3,-2.46924,3.12134,-0.32739,null
3,-3.45483,2.25049,-1.56738,null
3,-1.38525,0.90234,-0.89307,null
3,-0.59668,0.55981,-0.5415,null
3,-0.67334,0.6106,-0.38037,null
3,-1.16821,0.39941,-0.01538,null
3,-0.92676,0.35181,-0.03394,null
3,-1.1189,-0.04932,-0.33472,null
3,-1.04761,0.53003,-0.06543,null
3,-0.69604,0.48389,0.08276,null
3,-0.82275,0.39844,0.0542,null
3,-0.94507,0.36255,0.13062,null
3,-0.93701,0.35229,0.14209,null
3,-0.95776,0.33472,0.11255,null
3,-0.87671,0.25342,0.07788,null
3,-1.23096,0.19702,0.16309,null
3,-0.97778,0.19092,-0.00293,null
3,-0.73657,0.10132,-0.13501,null
3,-0.89526,0.16211,-0.21143,null
3,-0.9209,0.13965,-0.36597,null
3,-0.77368,0.14551,-0.35327,null
3,-0.66113,0.13452,-0.37183,null
3,-0.69678,-0.02856,-0.36182,null
3,-1.07861,-0.11938,-0.17603,null
3,-1.43408,0.03833,0.07471,null
3,-1.12207,0.01074,-0.052,null
3,-1.2251,-0.23511,0.00415,null
3,-1.15137,-0.14307,-0.0293,null
3,-1.07471,0.06494,-0.24219,null
3,-0.94214,-0.21997,-0.24438,null
3,-0.83862,-0.22339,-0.14966,null
3,-0.91748,0.104,-0.78223,null
3,-0.8667,-0.13281,-0.33813,null
3,-0.69409,-0.10815,-0.67261,null
3,-1.05029,-0.26245,-0.70435,null
3,-0.82935,-0.13257,-0.48486,null
3,-0.61401,-0.53198,-0.45386,null
3,-0.89551,-0.46533,-0.64282,null
3,-0.78101,-0.61255,-0.24097,null
3,-0.72046,-0.38892,-0.31421,null
3,-0.74292,-0.71167,-0.33252,null
3,-0.67554,-0.5896,-0.48022,null
3,-0.51343,-0.51392,-0.35034,null
3,-0.48779,-0.41943,-0.62036,null
3,-0.27124,-0.35938,-0.89404,null
3,-0.14355,-0.05151,-0.8999,null
3,-0.27856,-0.08374,-0.96313,null
3,-0.2251,-0.10742,-0.90308,null
3,0.10059,-0.27441,-0.92773,null
3,0.02808,0.12573,-1.15552,null
3,0.13525,0.35596,-1.44653,null
3,0.26538,1.00977,-1.0957,null
3,-0.02612,0.69092,-0.91113,null
3,-0.12891,0.8252,-0.82935,null
3,0.07886,0.56152,-0.81421,null
3,0.35278,0.49512,-0.78931,null
3,0.47046,0.43433,-0.73828,null
3,0.5105,0.32617,-0.76538,null
3,0.55957,0.20923,-0.69653,null
3,0.63184,-0.08008,-0.50195,null
3,0.62451,-0.02075,-0.41895,null
3,0.50171,0.00049,-0.44092,null
3,0.82935,-0.32861,-0.43774,null
3,1.06396,-0.97607,-0.40527,null
3,0.43799,-0.54834,0.18164,null
3,-0.07056,-0.60156,0.41895,null
3,0.06079,-1.36108,0.38818,null
3,0.15869,-1.19678,0.80078,null
3,-0.53296,-1.59399,1.12207,null
3,-0.36475,-1.23096,0.99561,null
3,-0.1626,0.66602,-0.35205,null
3,-1.05664,2.22681,-1.01709,null
3,-0.13159,1.64673,-1.38843,sit_ups
3,0.05029,1.17773,-0.88037,sit_ups
3,0.37769,0.4082,-0.10376,sit_ups
3,0.03833,0.86084,-0.49707,sit_ups
3,-0.08472,1.39063,-0.86279,sit_ups
3,0.03198,0.47021,-0.11353,sit_ups
3,0.33472,1.48096,-0.59937,sit_ups
3,0.05127,0.78149,-0.13696,sit_ups
3,0.12817,0.59668,-0.73608,sit_ups
3,0.38257,0.8103,-0.33618,sit_ups
3,-0.0354,0.79102,-0.64575,sit_ups
3,0.02026,0.90356,-0.72314,sit_ups
3,0.21826,0.74463,-0.71606,sit_ups
3,-0.27246,0.8374,-0.75879,sit_ups
3,-0.18384,0.64063,-0.67798,sit_ups
3,0.55493,0.92896,-0.479,sit_ups
3,0.09961,0.67188,-0.70776,sit_ups
3,-0.0376,1.07764,-0.99805,sit_ups
3,-0.31372,1.38452,-1.12695,sit_ups
3,0.20435,0.0769,-0.90356,sit_ups
3,0.99072,0.81494,-0.57764,sit_ups
3,1.625,-0.00903,-0.23145,sit_ups
3,1.88794,-0.33936,0.31982,sit_ups
3,0.32861,-0.16333,-0.22681,sit_ups
3,-0.41382,0.02905,-0.67114,sit_ups
3,0.13989,0.40845,-1.21606,sit_ups
3,0.56616,-0.46387,-0.54443,sit_ups
3,0.79053,0.04175,-0.58154,sit_ups
3,0.90234,-0.2915,-0.43481,sit_ups
3,0.87646,-0.24683,-0.38379,sit_ups
3,0.88794,-0.22485,-0.31055,sit_ups
3,0.93652,-0.0686,-0.38232,sit_ups
3,1.01782,0.07349,-0.4751,sit_ups
3,1.14282,0.19092,-0.48633,sit_ups
3,1.1626,0.1853,-0.46533,sit_ups
3,1.01099,-0.02173,-0.4519,sit_ups
3,0.85254,-0.27441,-0.43506,sit_ups
3,0.67969,-0.46118,-0.30298,sit_ups
3,0.56689,-0.55493,-0.23633,sit_ups
3,0.51196,-0.60693,-0.22314,sit_ups
3,0.52661,-0.69043,-0.27734,sit_ups
3,0.47461,-0.76343,-0.31201,sit_ups
3,0.39233,-0.77026,-0.14648,sit_ups
3,0.21924,-0.74438,-0.0354,sit_ups
3,0.13867,-0.84302,-0.0127,sit_ups
3,0.14746,-1.09717,-0.00928,sit_ups
3,-0.06616,-1.15771,-0.021,sit_ups
3,-0.30249,-0.80957,0.13843,sit_ups
3,-0.73999,-0.62744,0.43896,sit_ups
3,-1.37891,-0.89038,1.17358,sit_ups
3,-2.53857,-1.20752,2.43213,sit_ups
3,-2.02637,-0.5459,1.95166,sit_ups
3,-0.28149,1.9231,-0.99805,sit_ups
3,0.62842,1.53809,-1.71021,sit_ups
3,1.12231,-0.11572,-0.64868,sit_ups
3,0.9021,0.30835,-0.31177,sit_ups
3,0.88062,0.28394,-0.35962,sit_ups
3,0.87085,0.17285,-0.39355,sit_ups
3,0.8396,0.2439,-0.45801,sit_ups
3,0.86816,0.29175,-0.47998,sit_ups
3,0.87646,0.23218,-0.50635,sit_ups
3,0.82129,0.26978,-0.51392,sit_ups
3,0.78418,0.41528,-0.55713,sit_ups
3,0.85913,0.47925,-0.56421,sit_ups
3,0.95898,0.53003,-0.62354,sit_ups
3,0.98877,0.40747,-0.68872,sit_ups
3,0.94287,0.22119,-0.54639,sit_ups
3,0.82422,0.04639,-0.47095,sit_ups
3,0.74731,-0.19214,-0.2937,sit_ups
3,0.6626,-0.35938,-0.16992,sit_ups
3,0.65674,-0.47168,-0.18555,sit_ups
3,0.65576,-0.56152,-0.1355,sit_ups
3,0.63281,-0.63745,-0.18945,sit_ups
3,0.47144,-0.5769,-0.20947,sit_ups
3,0.35059,-0.75269,-0.1394,sit_ups
3,0.24121,-1.17725,-0.09009,sit_ups
3,-0.00146,-1.17822,0.09106,sit_ups
3,-0.20508,-0.61865,0.16064,sit_ups
3,-0.4375,-0.60571,0.35815,sit_ups
3,-1.01563,-0.90234,0.8584,sit_ups
3,-1.61719,-1.02124,1.58154,sit_ups
3,-2.4541,-1.10767,1.66455,sit_ups
3,-0.87231,-0.5354,0.84082,sit_ups
3,0.88037,1.9917,-1.8479,sit_ups
3,0.93872,-0.39966,-0.84326,sit_ups
3,0.89673,0.10303,-0.4939,sit_ups
3,1.02173,0.104,-0.42334,sit_ups
3,1.06177,0.22168,-0.36914,sit_ups
3,0.97339,0.07593,-0.46216,sit_ups
3,0.88354,0.02881,-0.45337,sit_ups
3,0.80371,0.01318,-0.41357,sit_ups
3,0.82837,0.05078,-0.37695,sit_ups
3,0.86377,0.16675,-0.41528,sit_ups
3,0.95459,0.32227,-0.55591,sit_ups
3,1.07642,0.41699,-0.62305,sit_ups
3,1.0498,0.38306,-0.62207,sit_ups
3,0.92285,0.08398,-0.4458,sit_ups
3,0.91577,-0.01758,-0.38428,sit_ups
3,0.77979,-0.20776,-0.29004,sit_ups
3,0.72314,-0.28394,-0.35791,sit_ups
3,0.73975,-0.46704,-0.34961,sit_ups
3,0.84692,-0.51904,-0.28271,sit_ups
3,0.73779,-0.43652,-0.2644,sit_ups
3,0.63672,-0.45483,-0.32397,sit_ups
3,0.44312,-0.56909,-0.20435,sit_ups
3,0.24585,-0.65308,-0.1377,sit_ups
3,0.12866,-0.85791,-0.12329,sit_ups
3,0.13672,-1.3252,-0.01343,sit_ups
3,0.02075,-1.18188,0.06592,sit_ups
3,-0.26392,-0.63745,0.18262,sit_ups
3,-0.56494,-0.6272,0.31348,sit_ups
3,-1.23877,-0.78662,0.88037,sit_ups
3,-2.65234,-1.53882,2.25073,sit_ups
3,-2.66577,-1.01514,1.80957,sit_ups
3,0.15039,2.54834,-0.36646,sit_ups
3,0.8208,0.66992,-1.28784,sit_ups
3,0.68066,0.63794,-0.57959,sit_ups
3,0.45972,0.90894,-0.3313,sit_ups
3,0.70801,0.69507,-0.60327,sit_ups
3,0.88574,0.5415,-0.3584,sit_ups
3,0.854,0.41235,-0.29468,sit_ups
3,0.80835,0.32007,-0.33423,sit_ups
3,0.9541,0.2561,-0.32007,sit_ups
3,0.93799,0.14648,-0.41797,sit_ups
3,0.8418,0.17065,-0.47681,sit_ups
3,0.76367,0.22632,-0.46313,sit_ups
3,0.89844,0.39331,-0.48047,sit_ups
3,0.97412,0.54956,-0.60156,sit_ups
3,1.05176,0.75317,-0.68018,sit_ups
3,0.98022,0.37549,-0.53369,sit_ups
3,0.9043,0.13403,-0.49121,sit_ups
3,0.72705,-0.15161,-0.42236,sit_ups
3,0.63281,-0.40234,-0.25854,sit_ups
3,0.60889,-0.46289,-0.27856,sit_ups
3,0.61719,-0.5083,-0.3147,sit_ups
3,0.60352,-0.64063,-0.3396,sit_ups
3,0.60889,-0.67017,-0.26587,sit_ups
3,0.49487,-0.73853,-0.12622,sit_ups
3,0.32178,-0.7002,-0.07129,sit_ups
3,0.23584,-0.79419,-0.26318,sit_ups
3,0.08228,-1.01489,-0.21729,sit_ups
3,-0.19873,-1.18115,-0.0376,sit_ups
3,-0.18457,-0.68335,0.35645,sit_ups
3,-0.35376,-0.43433,0.40137,sit_ups
3,-0.46411,-0.42065,0.91187,sit_ups
3,-0.1604,-0.01636,1.13159,sit_ups
3,-0.43457,-0.31763,3.83496,sit_ups
3,-0.11987,0.55249,1.57129,sit_ups
3,0.44043,1.36621,-1.60889,sit_ups
3,0.74097,-0.29639,-0.86157,sit_ups
3,0.84497,-0.72363,0.49194,sit_ups
3,0.88135,0.15234,-0.79297,sit_ups
3,0.82373,-0.04224,-0.75244,sit_ups
3,0.85767,-0.19019,-0.38867,sit_ups
3,0.85352,-0.13281,-0.53662,sit_ups
3,0.83765,-0.14966,-0.43066,sit_ups
3,0.87134,0.04077,-0.40747,sit_ups
3,0.82837,0.08911,-0.40576,sit_ups
3,0.78442,0.21704,-0.53296,sit_ups
3,0.84888,0.31909,-0.59082,sit_ups
3,0.94897,0.44092,-0.80835,sit_ups
3,0.97803,0.49536,-0.84595,sit_ups
3,0.96191,0.31812,-0.64648,sit_ups
3,0.89575,0.12134,-0.50854,sit_ups
3,0.77612,-0.03955,-0.44165,sit_ups
3,0.74561,-0.24976,-0.40552,sit_ups
3,0.71436,-0.44019,-0.29639,sit_ups
3,0.70703,-0.5083,-0.27344,sit_ups
3,0.7583,-0.56177,-0.24194,sit_ups
3,0.73291,-0.57422,-0.30347,sit_ups
3,0.73608,-0.49194,-0.36792,sit_ups
3,0.68237,-0.49634,-0.32715,sit_ups
3,0.47852,-0.73193,-0.14111,sit_ups
3,0.45459,-0.69458,-0.14038,sit_ups
3,0.43237,-0.64966,-0.24365,sit_ups
3,0.39185,-0.90552,-0.29199,sit_ups
3,0.03589,-1.37622,-0.08887,sit_ups
3,0.08569,-0.92456,0.22656,sit_ups
3,-0.16016,-0.77832,0.22095,sit_ups
3,-0.34155,-0.93652,0.40942,sit_ups
3,-0.3125,-0.84106,0.58228,sit_ups
3,-0.32861,-0.69897,0.52344,sit_ups
3,-0.35913,-0.78003,0.59888,sit_ups
3,-0.32373,-0.71997,0.76025,sit_ups
3,-0.35449,-0.6499,1.03345,sit_ups
3,-0.9729,-0.54565,1.97534,sit_ups
3,-1.72803,-0.70142,2.01367,sit_ups
3,-0.81543,-0.35205,1.12427,sit_ups
3,0.67139,0.27173,-0.99951,sit_ups
3,0.77051,0.13672,-0.8418,sit_ups
3,0.76416,-0.10352,-0.31055,sit_ups
3,0.86816,0.40991,-0.59888,sit_ups
3,0.99878,-0.01367,-0.54614,sit_ups
3,0.85938,-0.17505,-0.24219,sit_ups
3,0.86938,-0.08789,-0.35693,sit_ups
3,0.94824,-0.21436,-0.34082,sit_ups
3,0.86719,-0.29858,-0.25879,sit_ups
3,0.7168,-0.2085,-0.2749,sit_ups
3,0.91968,0.08252,-0.44849,sit_ups
3,1.16284,0.23218,-0.81055,sit_ups
3,0.81616,-0.06226,-0.69458,sit_ups
3,0.16431,-0.26709,-0.4519,sit_ups
3,-0.31909,-0.00391,-0.15503,sit_ups
3,-1.06909,0.9436,-0.50586,sit_ups
3,-1.85352,0.86572,-0.58643,sit_ups
3,-2.02075,2.08765,-0.52222,sit_ups
3,-0.38452,2.49341,0.19702,null
3,-1.79663,-0.30762,-0.77344,null
3,-0.90503,0.21606,-0.43286,null
3,-0.88525,0.2937,-0.43823,null
3,-0.82886,0.21875,-0.5144,null
3,-0.9021,0.19678,-0.41382,null
3,-0.91577,0.15576,-0.38354,null
3,-0.90503,0.17188,-0.3999,null
3,-0.92065,0.18921,-0.37744,null
3,-0.89038,0.21069,-0.42944,null
3,-0.89355,0.16748,-0.43286,null
3,-0.89526,0.1626,-0.43457,null
3,-0.87329,0.15063,-0.48071,null
3,-0.86157,0.1853,-0.5957,null
3,-1.44604,0.15356,-0.98218,null
3,-1.5603,0.00513,-0.95142,null
3,-1.34814,0.47656,0.48438,null
3,-1.33154,0.23633,-0.00098,null
3,-1.37158,-0.15967,-0.51514,null
3,-0.95093,-0.27881,-0.14966,null
3,-0.54639,-0.0249,-0.22461,null
3,-0.43604,0.11792,-0.18677,null
3,-0.67578,0.20947,-0.00488,null
3,-0.93188,0.95435,0.05884,null
3,-0.68604,0.2605,-0.05981,null
3,-1.34912,0.71875,0.27222,null
3,-0.90161,0.4292,0.28809,null
3,-0.71191,0.31445,0.15381,null
3,-0.58179,0.37891,0.12134,null
3,-0.79199,0.34302,0.21582,null
3,-0.90527,0.48511,0.04443,null
3,-0.6377,0.70728,0.37646,null
3,-0.70166,0.22925,0.42065,null
3,-0.9353,0.63525,0.42212,null
3,-0.67529,0.55176,0.31323,null
3,-0.67944,0.60474,-0.01929,null
3,-1.15283,0.55737,0.18457,null
3,-0.77734,0.55542,0.09326,null
3,-0.48462,0.81421,-0.07446,null
3,-0.58813,0.68018,-0.0769,null
3,-0.87646,0.58008,0.07422,null
3,-1.33008,0.25464,0.08862,null
3,-0.94922,0.52466,0.19434,null
3,-0.80273,0.24951,0.53955,null
3,-0.77295,0.41821,0.45264,null
3,-0.7229,0.31934,0.29443,null
3,-0.83789,0.40063,0.25122,null
3,-0.78833,0.30884,0.16821,null
3,-1.08105,0.27637,0.25659,null
3,-1.12622,0.33057,0.21021,null
3,-1.0498,0.42603,0.23804,null
3,-0.97192,0.396,0.1123,null
3,-0.85425,0.33472,0.09302,null
3,-0.8894,0.50122,-0.12622,null
3,-0.9895,0.41992,-0.17505,null
3,-1.04785,0.34595,-0.23999,null
3,-0.90259,0.44263,-0.2627,null
3,-0.86157,0.36743,-0.22412,null
3,-0.7561,0.35693,-0.17578,null
3,-0.76074,0.34619,-0.24097,null
3,-0.87549,0.41309,-0.39038,null
3,-0.9458,0.32837,-0.36475,null
3,-0.92676,0.22583,-0.25537,null
3,-0.97095,0.44287,-0.19238,null
3,-0.96387,0.26245,-0.23657,null
3,-0.97217,0.22778,-0.21338,null
3,-0.8606,0.28613,-0.16968,null
3,-0.88477,0.34253,-0.12061,null
3,-0.90771,0.41919,-0.07568,null
3,-1.12305,0.59839,-0.08008,null
3,-0.8938,0.56299,-0.11646,null
3,-0.93774,0.46851,-0.12256,null
3,-0.84229,0.47241,-0.06323,null
3,-0.91528,0.55444,0.0105,null
3,-0.99707,0.52563,-0.02881,null
3,-1.021,0.48193,-0.04883,null
3,-1.0415,0.42041,-0.05322,null
3,-0.92212,0.29004,-0.06592,null
3,-0.80103,0.29419,-0.01416,null
3,-0.84741,0.34888,-0.00903,null
3,-0.93994,0.37842,-0.02881,null
3,-0.96582,0.4436,-0.05298,null
3,-0.99243,0.4978,-0.05615,null
3,-0.96777,0.49951,-0.06274,null
3,-0.94653,0.48706,-0.09253,null
3,-0.90601,0.48022,-0.11255,null
3,-0.95166,0.39258,-0.12988,null
3,-0.99683,0.37451,-0.21558,null
3,-0.98706,-0.00562,-0.4104,null
3,-0.89722,0.25635,-0.30835,null
3,-1.01685,0.35742,-0.35791,null
3,-0.88794,0.09375,-0.17676,null
3,-1.01978,0.29175,-0.02393,null
3,-1.14429,0.47632,0.01685,null
3,-0.85742,0.53442,-0.20288,null
3,-0.19604,0.59106,-0.35791,null
3,-0.51147,1.19482,-0.24854,null
3,-0.698,0.46924,-0.21411,null
3,-1.2981,0.62939,-0.40454,null
3,-1.46509,0.41089,-0.31274,null
3,-1.17383,0.09961,-0.2478,null
3,-1.03833,0.36011,-0.31665,null
3,-0.80493,0.29468,-0.26416,null
3,-0.5708,0.16919,-0.06494,null
3,-0.66211,0.26025,-0.04077,null
3,-0.96191,0.41821,-0.10474,null
3,-1.29517,0.7229,-0.17725,null
3,-1.13647,0.44092,-0.12598,null
3,-1.02612,0.45581,-0.22705,null
3,-0.87646,0.67676,-0.32568,null
3,-0.97339,0.41772,-0.29028,null
3,-1.21973,0.27686,0.16602,null
3,-1.11133,0.52002,0.18164,null
3,-1.00415,0.27319,0.09863,null
3,-0.80908,0.20605,0.15137,null
3,-0.64697,0.23169,0.11621,null
3,-0.74658,0.37085,0.05005,null
3,-1.15308,0.58081,-0.02563,null
3,-1.23608,0.66821,-0.13965,null
3,-1.12402,0.27954,-0.17871,null
3,-0.98999,0.32739,-0.20288,null
3,-0.83228,0.24976,-0.08667,null
3,-0.84253,0.37671,-0.04834,null
3,-0.12378,-0.34009,-0.60181,null
3,-0.48877,0.23755,-1.08008,null
3,-3.09253,1.26587,-2.24683,null
3,-3.31689,1.35303,-1.03809,null
3,-1.2627,1.27759,-0.4353,null
3,-1.75952,0.97144,0.23511,null
